[{"lat": 54.9940023, "lon": -2.4457509, "tags": {"archaeological_site": "fortification", "designation": "Milecastle 42", "historic": "archaeological_site", "historic:civilization": "ancient_roman", "name": "Cawfields Milecastle", "place": "locality", "site_type": "fortification", "source": "Bing", "wikidata": "Q16156578", "wikipedia": "en:Milecastle 42"}}, {"lat": 50.8921429, "lon": -0.7442414, "tags": {"addr:city": "Chichester", "addr:housename": "Goodwood Racecourse", "addr:postcode": "PO18 0PS", "email": "RCReception@goodwood.com", "name": "Goodwood Racecourse", "phone": "+44 1243 755022", "sport": "horse_racing", "tourism": "attraction", "wikidata": "Q5583722", "wikipedia": "en:Goodwood Racecourse"}}, {"tags": {"barrier": "wall", "historic": "ruins", "source": "Bing", "wikipedia": "en:Hadrian's Wall"}}, {"tags": {"highway": "pedestrian", "historic": "roman_road", "name": "Steep Hill", "source": "survey", "source:name": "voice", "surface": "cobblestone", "width": "3", "wikipedia": "en:Steep Hill"}}, {"tags": {"addr:city": "Chichester", "addr:housename": "Goodwood House", "addr:postcode": "PO18 0PX", "building": "yes", "building:colour": "#CFCCBE", "name": "Goodwood House", "note": "Not surveyed at all", "phone": "+44 1243 927 438", "roof:colour": "#BFBCAE", "tourism": "attraction", "website": "https://www.goodwood.com/goodwood-house", "wikipedia": "en:Goodwood House"}}, {"tags": {"capacity": "12", "name": "Fisherman's Walk Cliff Lift", "note:capacity": "12 passengers per car", "railway": "funicular", "tourism": "attraction", "wikidata": "Q5454905", "wikipedia": "en:Fisherman's Walk Cliff Railway"}}, {"tags": {"addr:housename": "Station Building", "alt_name": "Manchester Liverpool Road", "building": "yes", "listed_status": "Grade I", "name": "Manchester Liverpool Road railway station", "old_name": "Liverpool Road Station", "railway": "disused_station", "ref": "3", "wikidata": "Q801156", "wikipedia": "en:Manchester Liverpool Road railway station"}}, {"tags": {"amenity": "library", "building:part": "yes", "internet_access": "wlan", "layer": "2", "name": "Reading Room", "name:de": "Lesesaal", "name:en": "Reading Room", "name:ko": "\ub300\uc601\ubc15\ubb3c\uad00 \ub3c4\uc11c\uc2e4", "roof:colour": "#c4f2e0", "roof:shape": "dome", "source": "Bing", "toilets:wheelchair": "yes", "wheelchair": "yes", "wikidata": "Q2152532", "wikipedia": "en:British Museum Reading Room"}}, {"tags": {"archaeological_site": "roman_fort", "historic": "archaeological_site", "historic:civilization": "roman", "name": "Segedunum Roman Fort", "site_type": "roman_fort", "wikidata": "Q637958", "wikipedia": "en:Segedunum"}}, {"tags": {"bicycle": "yes", "foot": "yes", "highway": "pedestrian", "historic": "roman_road", "lit": "yes", "motor_vehicle": "destination", "name": "Steep Hill", "source": "survey", "source:name": "voice", "surface": "cobblestone", "wikipedia": "en:Steep Hill"}}, {"tags": {"alt_name": "Lady of the North", "leisure": "park", "man_made": "geogliph", "name": "Northumberlandia Land Form", "name:en": "Northumberlandia Land Form", "name:ru": "\u041d\u043e\u0440\u0442\u0443\u043c\u0431\u0435\u0440\u043b\u0430\u043d\u0434\u0438\u044f", "note": "purely illustrative, needs a proper survey", "tourism": "artwork", "website": "https://www.banksgroup.co.uk/northumberlandia-site/", "wikidata": "Q7059835", "wikipedia": "en:Northumberlandia"}}, {"tags": {"addr:city": "Chichester", "addr:housename": "Goodwood Aerodrome", "addr:postcode": "PO18 0PH", "aeroway": "aerodrome", "alt_name": "Goodwood Airfield", "email": "aviation.enquiries@goodwood.co.uk", "iata": "QUG", "icao": "EGHR", "int_name": "Chichester/Goodwood Airport", "name": "Goodwood Aerodrome", "phone": "+44 1243 755087", "tourism": "attraction", "website": "https://www.goodwood.com/estate/aerodrome/", "wikidata": "Q1708966", "wikipedia": "en:Chichester/Goodwood Airport"}}, {"tags": {"building": "yes", "height": "62", "name": "The Monument to the Great Fire of London", "name:en": "The Monument to the Great Fire of London", "name:es": "Monumento al Gran Incendio de Londres", "name:fr": "Monument au Grand incendie de Londres", "name:ko": "\ub7f0\ub358 \ub300\ud654\uc7ac \uae30\ub150\ube44", "name:zh": "\u4f26\u6566\u5927\u706b\u7eaa\u5ff5\u7891", "opening_hours": "Apr-Sep: 09:30-18:00 \"last admission 17:30\"; Oct-Mar: 09:30-17:30 \"last admission 17:00\"", "wikipedia": "en:Monument to the Great Fire of London"}}, {"tags": {"historic": "citywalls", "wikipedia": "en:Hadrian's Wall"}}, {"tags": {"barrier": "wall", "historic": "wall", "wikipedia": "en:Hadrian's Wall"}}, {"tags": {"barrier": "wall", "historic": "wall", "source": "survey;bing", "wall": "dry_stone", "wikipedia": "en:Hadrian's Wall"}}, {"tags": {"barrier": "wall", "historic": "wall", "source": "survey;bing", "wall": "dry_stone", "wikipedia": "en:Hadrian's Wall"}}, {"tags": {"alt_name": "Roman Wall", "barrier": "wall", "description": "Former defensive fortification of the Roman province of Britannia", "historic": "wall", "historic:civilization": "ancient_roman", "historic:period": "late_antiquity", "is_in": "Limes Britannicus", "material": "stone", "name": "Hadrian's Wall", "name:en": "Hadrianswall", "name:fr": "le Mur d'Hadrien", "name:hu": "Hadri\u00e1nusz fala", "name:it": "Vallo di Adriano", "name:la": "Vallum Aelium", "start_date": "2C", "wikidata": "Q57357", "wikipedia": "en:Hadrian's Wall"}}, {"tags": {"barrier": "wall", "historic": "wall", "material": "stone", "wikipedia": "en:Hadrian's Wall"}}, {"tags": {"barrier": "wall", "wikipedia": "en:Hadrian's Wall"}}, {"tags": {"barrier": "wall", "historic": "wall", "wikipedia": "en:Hadrian's Wall"}}, {"tags": {"barrier": "wall", "historic": "wall", "wikipedia": "en:Hadrian's Wall"}}, {"tags": {"historic": "citywalls", "wikipedia": "en:Hadrian's Wall"}}, {"tags": {"barrier": "wall", "historic": "wall", "wikipedia": "en:Hadrian's Wall"}}, {"tags": {"historic": "citywalls", "source": "survey;bing", "wikipedia": "en:Hadrian's Wall"}}, {"tags": {"barrier": "wall", "historic": "ruins", "source": "survey;bing", "wikipedia": "en:Hadrian's Wall"}}, {"tags": {"barrier": "wall", "historic": "wall", "source": "survey;bing", "wall": "dry_stone", "wikipedia": "en:Hadrian's Wall"}}, {"tags": {"highway": "pedestrian", "historic": "roman_road", "incline": "14%", "motor_vehicle": "destination", "name": "Steep Hill", "smoothness": "bad", "source": "survey", "source:name": "voice", "surface": "sett", "width": "3", "wikipedia": "en:Steep Hill"}}, {"tags": {"historic": "citywalls", "wikipedia": "en:Hadrian's Wall"}}, {"tags": {"historic": "citywalls", "wikipedia": "en:Hadrian's Wall"}}, {"tags": {"area": "yes", "designation": "Ancient Fort", "historic": "archaeological_site", "name": "Aesica Roman Fort", "source": "http://www.roman-britain.org/places/aesica.htm", "wikidata": "Q4688554", "wikipedia": "en:Aesica"}}, {"tags": {"barrier": "gate", "historic": "ruins", "wikipedia": "en:Hadrian's Wall"}}, {"tags": {"alt_name": "Roman Wall", "barrier": "wall", "description": "Former defensive fortification of the Roman province of Britannia", "historic": "wall", "historic:civilization": "ancient_roman", "historic:period": "late_antiquity", "is_in": "Limes Britannicus", "material": "stone", "name": "Hadrian's Wall", "name:en": "Hadrianswall", "name:fr": "le Mur d'Hadrien", "name:hu": "Hadri\u00e1nusz fala", "name:it": "Vallo di Adriano", "name:la": "Vallum Aelium", "source": "survey;bing", "start_date": "2C", "wall": "dry_stone", "wikidata": "Q57357", "wikipedia": "en:Hadrian's Wall"}}, {"tags": {"barrier": "wall", "description": "Former defensive fortification of the Roman province of Britannia", "historic": "wall", "historic:civilization": "ancient_roman", "historic:period": "late_antiquity", "material": "stone", "start_date": "2C", "wikidata": "Q57357", "wikipedia": "en:Hadrian's Wall"}}, {"tags": {"alt_name": "Roman Wall", "barrier": "wall", "description": "Former defensive fortification of the Roman province of Britannia", "historic": "wall", "historic:civilization": "ancient_roman", "historic:period": "late_antiquity", "is_in": "Limes Britannicus", "material": "stone", "name": "Hadrian's Wall", "name:en": "Hadrianswall", "name:fr": "le Mur d'Hadrien", "name:hu": "Hadri\u00e1nusz fala", "name:it": "Vallo di Adriano", "name:la": "Vallum Aelium", "start_date": "2C", "wikidata": "Q57357", "wikipedia": "en:Hadrian's Wall"}}, {"tags": {"historic": "wall", "wikipedia": "en:Hadrian's Wall"}}, {"tags": {"alt_name": "Roman Wall", "barrier": "wall", "description": "Former defensive fortification of the Roman province of Britannia", "historic": "wall", "historic:civilization": "ancient_roman", "historic:period": "late_antiquity", "is_in": "Limes Britannicus", "material": "stone", "name": "Hadrian's Wall", "name:en": "Hadrianswall", "name:fr": "le Mur d'Hadrien", "name:hu": "Hadri\u00e1nusz fala", "name:it": "Vallo di Adriano", "name:la": "Vallum Aelium", "start_date": "2C", "wall": "dry_stone", "wikidata": "Q57357", "wikipedia": "en:Hadrian's Wall"}}, {"tags": {"alt_name": "Chesters Roman Fort", "historic": "archaeological_site", "name": "Cilurnum", "tourism": "attraction", "wikidata": "Q3818331", "wikipedia": "en:Cilurnum"}}, {"tags": {"alt_name": "Roman Wall", "barrier": "wall", "description": "Former defensive fortification of the Roman province of Britannia", "historic": "wall", "historic:civilization": "ancient_roman", "historic:period": "late_antiquity", "is_in": "Limes Britannicus", "material": "stone", "name": "Hadrian's Wall", "name:en": "Hadrianswall", "name:fr": "le Mur d'Hadrien", "name:hu": "Hadri\u00e1nusz fala", "name:it": "Vallo di Adriano", "name:la": "Vallum Aelium", "source": "Bing", "start_date": "2C", "wikidata": "Q57357", "wikipedia": "en:Hadrian's Wall"}}, {"tags": {"alt_name": "Roman Wall", "barrier": "wall", "description": "Former defensive fortification of the Roman province of Britannia", "historic": "wall", "historic:civilization": "ancient_roman", "historic:period": "late_antiquity", "is_in": "Limes Britannicus", "material": "stone", "name": "Hadrian's Wall", "name:en": "Hadrianswall", "name:fr": "le Mur d'Hadrien", "name:hu": "Hadri\u00e1nusz fala", "name:it": "Vallo di Adriano", "name:la": "Vallum Aelium", "start_date": "2C", "wikidata": "Q57357", "wikipedia": "en:Hadrian's Wall"}}, {"tags": {"HE_ref": "1343217", "heritage": "2", "heritage:operator": "Historic England", "listed_status": "Grade I", "name": "Priory Ruins", "source": "bing;English Heritage", "tourism": "attraction", "wikidata": "Q5311953", "wikipedia": "en:Dudley Priory"}}, {"tags": {"addr:city": "Bath", "addr:housename": "King's & Queen's Baths", "addr:postcode": "BA1 1LZ", "addr:street": "Abbey Church Yard", "description": "Major attraction. Well-preserved Roman site for public bathing: Sacred Spring, Roman Temnple, Roman Bath House and museum.", "fee": "yes", "historic": "ruins", "name": "The Roman Baths", "note": "building tag is in relation.", "source:description": "en:wikipedia", "tourism": "attraction", "website": "https://www.romanbaths.co.uk/", "wheelchair": "limited", "wikipedia": "en:Roman Baths (Bath)"}}, {"tags": {"addr:city": "Southsea", "addr:country": "GB", "addr:housename": "Southsea Castle", "addr:postcode": "PO5 3PA", "building": "yes", "building:levels": "3", "castle_type": "defensive", "fee": "yes", "historic": "castle", "name": "Southsea Castle", "name:fr": "Ch\u00e2teau de Southsea", "name:ga": "Caisle\u00e1n Southsea", "name:he": "\u05de\u05e6\u05d5\u05d3\u05ea \u05e1\u05d0\u05d5\u05ea'\u05e1\u05d9", "opening_hours": "Apr-Sep 10:00-17:30", "source": "Bing", "source:2": "https://en.wikipedia.org/wiki/Southsea_Castle#/media/File:Southsea_Castle_-_early_19th_century.png", "tourism": "museum", "type": "multipolygon", "website": "http://www.southseacastle.co.uk/", "wikidata": "Q1743815", "wikipedia": "en:Southsea Castle"}}, {"tags": {"building": "palace", "historic": "palace", "name": "Hampton Court Palace", "tourism": "attraction", "type": "multipolygon", "wikidata": "Q205666", "wikipedia": "en:Hampton Court Palace"}}, {"tags": {"addr:postcode": "SW7 2RL", "addr:street": "Cromwell Road", "air_conditioning": "yes", "alt_name": "V&A", "building": "public", "building:levels": "4", "contact:facebook": "victoriaandalbertmuseum", "contact:instagram": "vamuseum", "contact:twitter": "V_and_A", "email": "hello@vam.ac.uk", "end_date": "1862", "fee": "no", "internet_access": "wlan", "name": "Victoria and Albert Museum", "name:en": "Victoria and Albert Museum", "name:es": "Museo de Victoria y Alberto", "name:ja": "\u30f4\u30a3\u30af\u30c8\u30ea\u30a2\u30fb\u30a2\u30f3\u30c9\u30fb\u30a2\u30eb\u30d0\u30fc\u30c8\u535a\u7269\u9928", "name:pt": "Museu Vit\u00f3ria e Alberto", "name:ru": "\u041c\u0443\u0437\u0435\u0439 \u0412\u0438\u043a\u0442\u043e\u0440\u0438\u0438 \u0438 \u0410\u043b\u044c\u0431\u0435\u0440\u0442\u0430", "name:uk": "\u041c\u0443\u0437\u0435\u0439 \u0412\u0456\u043a\u0442\u043e\u0440\u0456\u0457 \u0442\u0430 \u0410\u043b\u044c\u0431\u0435\u0440\u0442\u0430", "old_name": "South Kensington Museum", "opening_hours": "Sa-Th 10:00-17:45; Fr 10:00-22:00", "phone": "+44 (0)20 7942 2000", "roof:levels": "2", "roof:shape": "many", "short_name": "V&A", "source:addr:postcode": "website", "source:building": "Bing", "start_date": "1853", "toilets:wheelchair": "yes", "tourism": "museum", "type": "multipolygon", "website": "https://www.vam.ac.uk/", "wheelchair": "yes", "wikidata": "Q213322", "wikipedia": "en:Victoria and Albert Museum"}}, {"tags": {"access": "private", "addr:housename": "Old Bodleian Library", "alt_name": "The Bodleian", "amenity": "library", "building": "university", "name": "Bodleian Library", "name:ar": "\u0645\u0643\u062a\u0628\u0629 \u0628\u0648\u062f\u0644\u064a", "name:ba": "\u0411\u043e\u0434\u043b\u0438 \u043a\u0438\u0442\u0430\u043f\u0445\u0430\u043d\u0430\u04bb\u044b", "name:be": "\u0411\u0430\u0434\u043b\u0456\u044f\u043d\u0441\u043a\u0430\u044f \u0431\u0456\u0431\u043b\u0456\u044f\u0442\u044d\u043a\u0430", "name:bg": "\u0411\u043e\u0434\u043b\u0438\u0435\u0432\u0430 \u0431\u0438\u0431\u043b\u0438\u043e\u0442\u0435\u043a\u0430", "name:bn": "\u09ac\u09a1\u09b2\u09bf\u09af\u09bc\u09be\u09a8 \u0997\u09cd\u09b0\u09a8\u09cd\u09a5\u09be\u0997\u09be\u09b0", "name:br": "Bodleian Library", "name:ca": "Bodleian Library", "name:cs": "Bodleyova knihovna", "name:cv": "\u0411\u043e\u0434\u043b\u0438 \u0432\u0443\u043b\u0430\u0432\u0103\u0448\u0115", "name:cy": "Llyfrgell Bodley", "name:da": "Bodleian Library", "name:de": "Bodleian Library", "name:el": "\u0392\u03b9\u03b2\u03bb\u03b9\u03bf\u03b8\u03ae\u03ba\u03b7 \u039c\u03c0\u03cc\u03bd\u03c4\u03bb\u03b9\u03b1\u03bd", "name:en": "Bodleian Library", "name:es": "Biblioteca Bodleiana", "name:et": "Bodley raamatukogu", "name:eu": "Bodleiar Liburutegia", "name:fa": "\u06a9\u062a\u0627\u0628\u062e\u0627\u0646\u0647 \u0628\u0627\u062f\u0644\u06cc\u0646", "name:fi": "Bodleian Library", "name:fr": "Biblioth\u00e8que Bodl\u00e9ienne", "name:fy": "Bodleian Library", "name:ga": "Bodleian Library", "name:gl": "Bodleian Library", "name:he": "\u05d4\u05e1\u05e4\u05e8\u05d9\u05d9\u05d4 \u05d4\u05d1\u05d5\u05d3\u05dc\u05d9\u05d9\u05e0\u05d9\u05ea", "name:hy": "\u0532\u0578\u0564\u056c\u0565\u0575\u0561\u0576 \u0563\u0580\u0561\u0564\u0561\u0580\u0561\u0576", "name:id": "Bodleian Library", "name:it": "Biblioteca Bodleiana", "name:ja": "\u30dc\u30c9\u30ea\u30a2\u30f3\u56f3\u66f8\u9928", "name:ko": "\ubcf4\ub4e4\ub9ac \ub3c4\uc11c\uad00", "name:la": "Bibliotheca Bodleiana", "name:ms": "Perpustakaan Bodleian", "name:my": "\u1018\u1031\u102c\u1037\u1012\u101c\u102e\u101a\u1014\u103a \u1005\u102c\u1000\u103c\u100a\u1037\u103a\u1010\u102d\u102f\u1000\u103a", "name:nl": "Bodleian Library", "name:no": "Bodleian Library", "name:pl": "Biblioteka Bodleja\u0144ska", "name:pnb": "\u0628\u0648\u0688\u0644\u06cc\u0646 \u0644\u0627\u0626\u06cc\u0628\u0631\u06cc\u0631\u06cc", "name:pt": "Biblioteca Bodleiana", "name:ru": "\u0411\u043e\u0434\u043b\u0438\u0430\u043d\u0441\u043a\u0430\u044f \u0431\u0438\u0431\u043b\u0438\u043e\u0442\u0435\u043a\u0430", "name:sl": "Bodleianova knji\u017enica", "name:sr": "\u0411\u0438\u0431\u043b\u0438\u043e\u0442\u0435\u043a\u0430 \u0411\u043e\u0434\u043b\u0435\u0430\u043d\u0430", "name:sv": "Bodleianska biblioteket", "name:tr": "Bodleian K\u00fct\u00fcphanesi", "name:uk": "\u0411\u043e\u0434\u043b\u0456\u0430\u043d\u0441\u044c\u043a\u0430 \u0431\u0456\u0431\u043b\u0456\u043e\u0442\u0435\u043a\u0430", "name:ur": "\u06a9\u062a\u0628 \u062e\u0627\u0646\u06c1 \u0628\u0648\u0688\u0644\u06cc\u0646", "name:vec": "Bodleian", "name:vi": "Th\u01b0 vi\u1ec7n Bodleian", "name:yi": "\u05d1\u05d0\u05d3\u05dc\u05d9\u05e2\u05df \u05d1\u05d9\u05d1\u05dc\u05d9\u05d0\u05d8\u05e2\u05e7", "name:zh": "\u725b\u6d25\u5927\u5b66\u535a\u5fb7\u5229\u56fe\u4e66\u9986", "opening_hours": "Mo-Fr 09:00-21:00; Sa 10:00-16:00; Su 11:00-17:00", "source": "yahoo_imagery;Bing", "tourism": "attraction", "type": "multipolygon", "wheelchair": "yes", "wikidata": "Q82133", "wikipedia": "en:Bodleian Library"}}, {"tags": {"alt_name": "Science and Industry Musem in Manchester", "image": "http://upload.wikimedia.org/wikipedia/commons/3/30/MOSI.jpg", "museum": "industry", "name": "Science and Industry Museum", "name:bn": "\u09ac\u09bf\u099c\u09cd\u099e\u09be\u09a8 \u0993 \u09b6\u09bf\u09b2\u09cd\u09aa \u099c\u09be\u09a6\u09c1\u0998\u09b0", "name:fr": "Mus\u00e9e des Sciences et de l'Industrie", "name:he": "\u05de\u05d5\u05d6\u05d0\u05d5\u05df \u05d4\u05de\u05d3\u05e2 \u05d5\u05d4\u05ea\u05e2\u05e9\u05d9\u05d9\u05d4", "name:pt": "Museu da Ci\u00eancia e Ind\u00fastria", "name:ru": "\u041c\u0443\u0437\u0435\u0439 \u043d\u0430\u0443\u043a\u0438 \u0438 \u043f\u0440\u043e\u043c\u044b\u0448\u043b\u0435\u043d\u043d\u043e\u0441\u0442\u0438", "name:zh": "\u79d1\u5b78\u7522\u696d\u535a\u7269\u9928", "operator": "The Greater Manchester Museum of Science and Industry Charitable Trust", "source:image": "http://en.wikipedia.org/wiki/User:Childzy", "toilets:wheelchair": "yes", "tourism": "museum", "type": "site", "website": "https://www.scienceandindustrymuseum.org.uk/", "wheelchair": "yes", "wikidata": "Q2638616", "wikipedia": "en:Science and Industry Museum"}}, {"tags": {"access": "yes", "castle_type": "defensive", "historic": "ruins", "historic:civilization": "medieval", "image": "https://commons.wikimedia.org/wiki/File:Pevensey_Castle_aerial_alt.jpg", "name": "Pevensey Castle", "ruins": "yes", "tourism": "attraction", "type": "multipolygon", "wikidata": "Q2970215", "wikipedia": "en:Pevensey Castle"}}, {"tags": {"building": "monastery", "community": "OSB", "community:en": "benedictine", "contact:facebook": "https://www.facebook.com/quarrabbeyiow", "contact:instagram": "quarrabbeyiow", "contact:twitter": "quarrabbeyiow", "contact:website": "https://quarrabbey.org/", "contact:youtube": "UCow_mlTcslXiwKbjsqEyzqg", "denomination": "catholic", "name": "Quarr Abbey", "religion": "christian", "tourism": "attraction", "type": "multipolygon", "wikidata": "Q7269183", "wikipedia": "en:Quarr Abbey House"}}, {"tags": {"building": "yes", "name": "The Royal Mews", "operator": "The Royal Collection", "tourism": "attraction", "type": "multipolygon", "website": "https://www.royalcollection.org.uk/default.asp?action=article&ID=31", "wikidata": "Q2903817", "wikipedia": "en:Royal Mews"}}, {"tags": {"HE_ref": "1159012", "addr:city": "Durham", "addr:postcode": "DH7 8DF", "addr:village": "Brancepeth", "building": "castle", "castle_type": "defensive", "fhrs:id": "429718", "historic": "castle", "layer": "1", "listed_status": "Grade I", "name": "Brancepeth Castle", "source:postcode": "CodePoint Open", "tourism": "attraction", "type": "multipolygon", "website": "https://www.brancepethcastle.org.uk/", "wikidata": "Q4956323", "wikipedia": "en:Brancepeth Castle"}}, {"tags": {"HE_ref": "1120960", "addr:city": "Chester-le-Street", "addr:postcode": "DH3 4NX", "alt_name": "Lumley Castle Hotel", "building": "yes", "castle_type": "defensive", "fhrs:id": "302807", "historic": "castle", "listed_status": "Grade I", "name": "Lumley Castle", "source:addr": "FHRS Open Data", "tourism": "hotel", "type": "multipolygon", "website": "https://www.lumleycastle.com/", "wikidata": "Q6703353", "wikipedia": "en:Lumley Castle"}}, {"tags": {"addr:city": "London", "addr:country": "GB", "addr:postcode": "WC1B 3DG", "addr:street": "Great Russell Street", "building": "museum", "building:levels": "4", "building:material": "sandstone", "construction_date": "1823\u20131847", "contact:phone": "+44 20 7323 8299", "contact:website": "https://www.britishmuseum.org", "fee": "no", "highlight": "yes", "importance": "international", "internet_access": "wlan", "museum": "archaeological", "name": "British Museum", "name:be-tarask": "\u0411\u0440\u044b\u0442\u0430\u043d\u0441\u043a\u0456 \u043c\u0443\u0437\u044d\u0439", "name:de": "Britisches Museum", "name:el": "\u0392\u03c1\u03b5\u03c4\u03b1\u03bd\u03b9\u03ba\u03cc \u039c\u03bf\u03c5\u03c3\u03b5\u03af\u03bf", "name:en": "British Museum", "name:es": "Museo Brit\u00e1nico", "name:et": "Briti Muuseum", "name:fr": "Mus\u00e9e britannique", "name:he": "\u05d4\u05de\u05d5\u05d6\u05d9\u05d0\u05d5\u05df \u05d4\u05d1\u05e8\u05d9\u05d8\u05d9", "name:it": "Museo Britannico", "name:ja": "\u5927\u82f1\u535a\u7269\u9928", "name:ko": "\ub300\uc601 \ubc15\ubb3c\uad00", "name:la": "Museum Britannicum", "name:pt": "Museu Brit\u00e2nico", "name:ro": "Muzeul Britanic", "name:ru": "\u0411\u0440\u0438\u0442\u0430\u043d\u0441\u043a\u0438\u0439 \u043c\u0443\u0437\u0435\u0439", "name:zh": "\u5927\u82f1\u535a\u7269\u9986", "opening_hours": "Mo-Th,Sa-Su 10:00-17:30; Fr 10:00-20:30", "roof:colour": "grey", "roof:shape": "many", "start_date": "1753", "tourism": "museum", "type": "multipolygon", "wheelchair": "yes", "wikidata": "Q6373", "wikimedia_commons": "Category:British Museum", "wikipedia": "en:British Museum"}}, {"tags": {"name": "Chester Zoo", "name:arz": "\u062c\u0646\u064a\u0646\u0629 \u062d\u064a\u0648\u0627\u0646\u0627\u062a \u062a\u0634\u064a\u0633\u062a\u0631", "name:cy": "Sw Caer", "name:de": "Chester Zoo", "name:fa": "\u0628\u0627\u063a \u0648\u062d\u0634 \u0686\u0633\u062a\u0631", "name:fr": "Zoo de Chester", "name:ga": "Z\u00fa Chester", "name:he": "\u05d2\u05df \u05d4\u05d7\u05d9\u05d5\u05ea \u05e9\u05dc \u05e6'\u05e1\u05d8\u05e8", "name:id": "Kebun Binatang Chester", "name:nl": "Chester Zoo", "name:pt": "Zool\u00f3gico de Chester", "name:ru": "\u0427\u0435\u0441\u0442\u0435\u0440\u0441\u043a\u0438\u0439 \u0437\u043e\u043e\u043f\u0430\u0440\u043a", "tourism": "zoo", "type": "site", "website": "https://www.chesterzoo.org/", "wikidata": "Q3139243", "wikipedia": "en:Chester Zoo"}}, {"tags": {"addr:city": "London", "addr:country": "GB", "addr:postcode": "NW1 4RY", "addr:street": "Regent's Park", "alt_name": "Regent's Zoo", "contact:website": "http://www.zsl.org/zsl-london-zoo/", "name": "London Zoo", "name:de": "Londoner Zoo", "name:es": "Zool\u00f3gico de Londres", "name:fr": "Zoo de Londres", "name:it": "Zoo di Londra", "name:ru": "\u041b\u043e\u043d\u0434\u043e\u043d\u0441\u043a\u0438\u0439 \u0437\u043e\u043e\u043f\u0430\u0440\u043a", "official_name": "ZSL London Zoo", "operator": "Zoological Society of London (ZSL)", "short_name": "ZSL", "start_date": "1828-04-27", "toilets:wheelchair": "yes", "tourism": "zoo", "type": "multipolygon", "wheelchair": "yes", "wikidata": "Q270263", "wikipedia": "en:London Zoo"}}, {"tags": {"building": "yes", "castle_type": "palace", "heritage": "1", "heritage:operator": "whc", "heritage:website": "http://whc.unesco.org/en/list/425", "historic": "castle", "image": "http://commons.wikimedia.org/wiki/File:Blenheim_Palace_panorama.jpg", "name": "Blenheim Palace", "name:ar": "\u0642\u0635\u0631 \u0628\u0644\u0627\u064a\u0646\u0647\u0627\u064a\u0645", "name:be": "\u0411\u043b\u0435\u043d\u0445\u0435\u0439\u043c\u0441\u043a\u0456 \u043f\u0430\u043b\u0430\u0446", "name:bg": "\u0414\u0432\u043e\u0440\u0435\u0446\u044a\u0442 \u0411\u043b\u0435\u043d\u044a\u043c", "name:ca": "Palau de Blenheim", "name:cs": "Blenheimsk\u00fd pal\u00e1c", "name:da": "Blenheim Palace", "name:de": "Blenheim Palace", "name:el": "\u0391\u03bd\u03ac\u03ba\u03c4\u03bf\u03c1\u03bf \u039c\u03c0\u03bb\u03ad\u03bd\u03b5\u03b9\u03bc", "name:en": "Blenheim Palace", "name:es": "Palacio de Blenheim", "name:eu": "Blenheim jauregia", "name:fa": "\u06a9\u0627\u062e \u0628\u0644\u0646\u0647\u0627\u06cc\u0645", "name:fi": "Blenheimin palatsi", "name:fr": "Palais de Blenheim", "name:ga": "Blenheim Palace", "name:he": "\u05d0\u05e8\u05de\u05d5\u05df \u05d1\u05dc\u05e0\u05d4\u05d9\u05d9\u05dd", "name:hr": "Pala\u010da Blenheim", "name:hu": "Blenheim kast\u00e9ly", "name:hy": "\u0532\u056c\u0565\u0576\u056b\u0574\u0575\u0561\u0576 \u057a\u0561\u056c\u0561\u057f", "name:it": "Blenheim Palace", "name:ja": "\u30d6\u30ec\u30ca\u30e0\u5bae\u6bbf", "name:ka": "\u10d1\u10da\u10d4\u10dc\u10f0\u10d4\u10d8\u10db\u10d8\u10e1 \u10e1\u10d0\u10e1\u10d0\u10ee\u10da\u10d4", "name:ko": "\ube14\ub808\ub118\uad81", "name:lv": "Blenemas pils", "name:ne": "\u092c\u094d\u0932\u0947\u0928\u0939\u0947\u092e \u0926\u0930\u092c\u093e\u0930", "name:nl": "Blenheim Palace", "name:nn": "Blenheim Palace", "name:no": "Blenheim Palace", "name:pl": "Blenheim Palace", "name:pt": "Pal\u00e1cio de Blenheim", "name:ro": "Palatul Blenheim", "name:ru": "\u0411\u043b\u0435\u043d\u0445\u0435\u0439\u043c\u0441\u043a\u0438\u0439 \u0434\u0432\u043e\u0440\u0435\u0446", "name:sh": "Pala\u010da Blenheim", "name:sk": "Blenheim Palace", "name:sv": "Blenheim Palace", "name:th": "\u0e27\u0e31\u0e07\u0e40\u0e1a\u0e25\u0e19\u0e34\u0e21", "name:tr": "Blenheim Saray\u0131", "name:uk": "\u0411\u043b\u0435\u043d\u0433\u0435\u0439\u043c\u0441\u044c\u043a\u0438\u0439 \u043f\u0430\u043b\u0430\u0446", "name:vi": "Cung \u0111i\u1ec7n Blenheim", "name:xmf": "\u10d1\u10da\u10d4\u10dc\u10f0\u10d4\u10d8\u10db\u10d8\u10e8 \u10d3\u10dd\u10ee\u10dd\u10e0\u10d4", "name:zh": "\u5e03\u4f26\u6d77\u59c6\u5bab", "ref:whc": "425", "source:geometry": "Bing", "tourism": "attraction", "type": "multipolygon", "whc:criteria": "(ii)(iv)", "whc:inscription_date": "1987", "wikidata": "Q208181", "wikimedia_commons": "Category:Blenheim Palace", "wikipedia": "en:Blenheim Palace"}}, {"tags": {"building": "yes", "dogs": "no", "fee": "yes", "name": "Ushaw College", "opening_hours": "11:00-16:00", "source": "OS 1:25k + GPS survey for modern extension", "tourism": "attraction", "type": "multipolygon", "website": "http://www.ushaw.org/", "wikidata": "Q3552548", "wikipedia": "en:Ushaw College"}}, {"tags": {"building": "yes", "castle_type": "palace", "heritage": "1", "heritage:operator": "he", "heritage:ref": "1264851", "heritage:since": "1970-02-05", "heritage:website": "https://historicengland.org.uk/listing/the-list/list-entry/1264851", "historic": "castle", "name": "Saint James's Palace", "name:en": "Saint James's Palace", "name:es": "Palacio Saint James.", "name:zh": "\u5723\u8a79\u59c6\u65af\u5bab", "tourism": "attraction", "type": "multipolygon", "wheelchair": "no", "wikidata": "Q272162", "wikipedia": "en:St James's Palace"}}, {"tags": {"addr:city": "Solihull", "addr:postcode": "B92 0EJ", "addr:street": "Coventry Road", "building": "yes", "museum": "motorcycle", "name": "National Motorcycle Museum", "tourism": "museum", "type": "multipolygon", "wikidata": "Q6974400", "wikipedia": "en:National Motorcycle Museum (UK)"}}, {"tags": {"addr:city": "London", "addr:country": "GB", "addr:housenumber": "8AH", "addr:postcode": "EC2R 8AH", "addr:street": "Threadneedle Street", "alt_name": "Old Lady of Threadneedle Street", "building": "yes", "building:levels": "7", "building:material": "sandstone", "email": "last@bankofengland.co.uk", "fax": "+44 20 3461 4878", "heritage": "2", "name": "Bank of England", "name:de": "Bank von England", "name:el": "\u03a4\u03c1\u03ac\u03c0\u03b5\u03b6\u03b1 \u03c4\u03b7\u03c2 \u0391\u03b3\u03b3\u03bb\u03af\u03b1\u03c2", "name:en": "Bank of England", "name:es": "Banco de Inglaterra", "name:he": "\u05d1\u05e0\u05e7 \u05d0\u05e0\u05d2\u05dc\u05d9\u05d4", "name:ru": "\u0411\u0430\u043d\u043a \u0410\u043d\u0433\u043b\u0438\u0438", "name:zh": "\u82f1\u683c\u5170\u94f6\u884c", "office": "government", "official_name": "Governor and Company of the Bank of England", "operator": "Governor and Company of the Bank of England", "phone": "+44 20 3461 4444", "roof:colour": "black", "roof:levels": "1", "tourism": "attraction", "type": "multipolygon", "website": "https://www.bankofengland.co.uk", "wikidata": "Q183231", "wikipedia": "en:Bank of England"}}, {"tags": {"building": "castle", "castle_type": "defensive", "heritage": "2", "heritage:operator": "Historic England", "historic": "castle", "listed_status": "Grade I", "name": "Warwick Castle", "name:ar": "\u0642\u0644\u0639\u0629 \u0648\u0631\u0643", "name:bg": "\u0423\u043e\u0440\u0438\u043a", "name:cs": "Warwick", "name:cy": "Castell Warwick", "name:es": "Castillo de Warwick", "name:fa": "\u0642\u0644\u0639\u0647 \u0648\u0627\u0631\u06cc\u06a9", "name:fi": "Warwickin linna", "name:fr": "Ch\u00e2teau de Warwick", "name:it": "Castello di Warwick", "name:ja": "\u30a6\u30a9\u30ea\u30c3\u30af\u57ce", "name:ko": "\uc6cc\ub9ad \uc131", "name:lt": "Voriko pilis", "name:ms": "Istana kota Warwick", "name:pl": "Zamek w Warwick", "name:pt": "Castelo de Warwick", "name:ru": "\u0423\u043e\u0440\u0438\u043a\u0441\u043a\u0438\u0439 \u0437\u0430\u043c\u043e\u043a", "name:th": "\u0e1b\u0e23\u0e32\u0e2a\u0e32\u0e17\u0e27\u0e2d\u0e23\u0e34\u0e01", "name:vi": "L\u00e2u \u0111\u00e0i Warwick", "name:zh": "\u83ef\u5a01\u57ce\u5821", "start_date": "1068", "tourism": "attraction", "type": "multipolygon", "wikidata": "Q941276", "wikipedia": "en:Warwick Castle"}}, {"tags": {"addr:city": "London", "addr:housename": "Kensington Palace", "addr:postcode": "W8 4PX", "addr:street": "Kensington Garen", "building": "yes", "castle_type": "palace", "historic": "castle", "name": "Kensington Palace", "name:en": "Kensington Palace", "name:et": "Kensingtoni palee", "name:fr": "Palais de Kensington", "name:lv": "Kensingtonpils", "name:zh": "\u80af\u8f9b\u987f\u5bab", "opening_hours": "Mo-Su 09:00-16:00", "phone": "+44 20 3166 6000", "toilets": "yes", "toilets:access": "customers", "toilets:female": "yes", "toilets:male": "yes", "tourism": "attraction", "type": "multipolygon", "wheelchair": "yes", "wikidata": "Q207385", "wikipedia": "en:Kensington Palace"}}, {"tags": {"addr:city": "York", "addr:postcode": "YO1 7JF", "addr:street": "College Street", "alt_name": "St Williams College", "attraction": "historic", "building": "college", "building:levels": "2", "description": "Building built 1465-67 as home for chantry priests of the Cathedral", "historic": "building", "listed_status": "Grade I", "name": "Saint William's College", "start_date": "1467", "tourism": "attraction", "type": "multipolygon", "wikidata": "Q17530637", "wikipedia": "en:St William's College"}}, {"tags": {"heritage": "1", "heritage:operator": "whc", "name": "Hadrian's Wall (World Heritage Site)", "name:cs": "Hadri\u00e1n\u016fv val", "name:de": "Hadrianswall", "name:fr": "Mur d'Hadrien", "old_name:la:122-410": "Vallum Aelium", "ref:whc": "430", "tourism": "attraction", "type": "site", "whc:criteria": "(ii)(iii)(iv)", "whc:inscription_date": "2004", "wikidata": "Q57357", "wikipedia": "en:Hadrian's Wall"}}, {"tags": {"addr:postcode": "DL5 6NL", "building": "yes", "fhrs:id": "233089", "name": "Redworth Hall Hotel", "source:addr:postcode": "FHRS Open Data", "tourism": "hotel", "type": "multipolygon", "wikidata": "Q7306537", "wikipedia": "en:Redworth Hall"}}, {"tags": {"addr:city": "London", "addr:housename": "Port of London Authority Building", "addr:housenumber": "10", "addr:postcode": "EC3N 4AJ", "addr:street": "Trinity Square", "brand": "Four Seasons", "brand:wikidata": "Q1424786", "brand:wikipedia": "en:Four Seasons Hotels and Resorts", "building": "yes", "fhrs:id": "984703", "name": "Four Seasons Hotel", "tourism": "hotel", "type": "multipolygon", "wikidata": "Q7699363", "wikipedia": "en:10 Trinity Square"}}, {"tags": {"addr:city": "Arundel", "addr:housename": "Arundel Castle", "addr:postcode": "BN18 9AB", "building": "yes", "castle_type": "defensive", "heritage": "2", "heritage:operator": "Historic England", "historic": "castle", "listed_status": "Grade I", "name": "Arundel Castle", "phone": "+44 1903 882173", "source:building": "OS_OpenData_StreetView", "tourism": "attraction", "type": "multipolygon", "url": "http://www.arundelcastle.org/", "wikidata": "Q716667", "wikipedia": "en:Arundel Castle"}}, {"tags": {"addr:city": "London", "addr:housename": "Shakespeare\u2019s Globe", "addr:housenumber": "21", "addr:postcode": "SE1 9DT", "addr:street": "New Globe Walk", "alt_name": "The Globe", "amenity": "theatre", "building": "yes", "name": "Shakespeare's Globe", "name:en": "Shakespeare's Globe", "name:es": "Shakespeare's Globe", "name:fr": "Th\u00e9\u00e2tre du Globe", "name:pl": "Globe Theatre", "name:zh": "\u838e\u58eb\u6bd4\u4e9a\u73af\u7403\u5267\u573a", "opening_hours": "09:00-17:00", "tourism": "attraction", "type": "multipolygon", "website": "https://www.shakespearesglobe.com/", "wheelchair": "limited", "wheelchair:description": "Small lift from east entrance (power door) atrium to this level. Step-free from courtyard to standing area, no access to gallery seating. [Nearest accessible toilet was under repair on my visit]", "wikidata": "Q7725501", "wikipedia": "en:Shakespeare's Globe"}}, {"tags": {"building": "castle", "castle_type": "defensive", "height": "4", "historic": "castle", "name": "Bodiam Castle", "name:ru": "\u0411\u043e\u0434\u0438\u0430\u043c", "ruins": "yes", "start_date": "1385", "tourism": "attraction", "type": "multipolygon", "website": "https://www.nationaltrust.org.uk/bodiam-castle/", "wikidata": "Q639208", "wikipedia": "en:Bodiam Castle"}}, {"tags": {"addr:city": "Bristol", "addr:place": "Tortworth", "addr:postcode": "GL12 8HH", "building": "hotel", "fhrs:id": "126089", "name": "Tortworth Court Hotel", "tourism": "hotel", "type": "multipolygon", "wikidata": "Q7827382", "wikipedia": "en:Tortworth Court"}}, {"tags": {"addr:city": "Oxford", "addr:postcode": "OX1 2PH", "addr:street": "Beaumont Street", "alt_name": "Ashmoleum Musuem of Art and Archaelogy", "building": "museum", "changing_table": "yes", "changing_table:location": "wheelchair_toilet", "fee": "no", "name": "Ashmolean Museum", "name:zh": "\u963f\u4ec0\u83ab\u6797\u535a\u7269\u9986", "opening_hours": "Tu-Su 10:00-17:00; Fr[-1] 10:00-20:00", "phone": "+44 1865 278000", "start_date": "1841", "toilets": "yes", "toilets:access": "yes", "toilets:wheelchair": "designated", "tourism": "museum", "type": "multipolygon", "website": "https://www.ashmolean.org/", "wikidata": "Q636400", "wikipedia": "en:Ashmolean Museum"}}, {"tags": {"addr:city": "Reading", "addr:housenumber": "10-12", "addr:postcode": "RG1 2HE", "addr:street": "King Street", "brand": "Mercure", "brand:wikidata": "Q1709809", "brand:wikipedia": "en:Mercure (hotel)", "building": "yes", "name": "The George Hotel", "phone": "+44 118 957 3445", "tourism": "hotel", "type": "multipolygon", "wikidata": "Q7736173", "wikipedia": "en:The George Hotel, Reading"}}, {"tags": {"addr:city": "London", "building": "yes", "name": "Strand Palace Hotel", "tourism": "hotel", "type": "multipolygon", "wikidata": "Q7621234", "wikipedia": "en:Strand Palace Hotel"}}, {"tags": {"addr:city": "Uckfield", "addr:housename": "Sheffield Park", "addr:postcode": "TN22 3QX", "alt_name": "Sheffield Park and Garden", "email": "sheffieldpark@nationaltrust.org.uk", "name": "Sheffield Park", "natural": "wood", "owner": "National Trust", "tourism": "attraction", "type": "multipolygon", "website": "https://www.nationaltrust.org.uk/sheffield-park-and-garden/", "wikidata": "Q7492724", "wikipedia": "en:Sheffield Park Garden"}}, {"tags": {"leisure": "nature_reserve", "name": "Chigborough Lakes Nature Reserve", "natural": "wood", "tourism": "attraction", "type": "multipolygon", "wikidata": "Q28404656", "wikipedia": "en:Chigborough Lakes"}}, {"tags": {"addr:postcode": "GL13 9BQ", "building": "castle", "castle_type": "defensive", "historic": "castle", "name": "Berkeley Castle", "name:fr": "Ch\u00e2teau de Berkeley", "name:ga": "Caisle\u00e1n Berkeley", "name:it": "Castello di Berkeley", "name:ru": "\u0417\u0430\u043c\u043e\u043a \u0411\u0435\u0440\u043a\u043b\u0438", "name:ur": "\u0628\u0631\u06a9\u0644\u06cc \u0642\u0644\u0639\u06c1", "source:outline": "Bing", "tourism": "attraction", "type": "multipolygon", "wikidata": "Q4891993", "wikipedia": "en:Berkeley Castle"}}, {"tags": {"building": "stately_home", "castle_type": "stately", "historic": "castle", "name": "Blickling Hall", "operator": "National Trust", "owner": "National Trust", "source": "OS_OpenData _StreetView; Bing", "tourism": "attraction", "type": "multipolygon", "wikidata": "Q17535638", "wikipedia": "en:Blickling Hall"}}, {"tags": {"addr:city": "London", "addr:housename": "Palace of Westminster/ Houses of Parliament", "addr:postcode": "SW1A 0AA", "addr:suburb": "Westminster", "alt_name": "Houses of Parliament", "building": "government", "castle_type": "palace", "government": "parliament", "historic": "castle", "name": "Palace of Westminster", "name:af": "Paleis van Westminster", "name:cy": "Palas San Steffan", "name:de": "Westminster-Palast", "name:en": "Palace of Westminster", "name:es": "Palacio de Westminster", "name:fr": "Palais de Westminster", "name:ga": "Tithe na Parlaiminte", "name:gl": "Palacio de Westminster", "name:it": "Palazzo di Westminster", "name:ja": "\u30a6\u30a7\u30b9\u30c8\u30df\u30f3\u30b9\u30bf\u30fc\u5bae\u6bbf", "name:kn": "\u0caa\u0ccd\u0caf\u0cbe\u0cb2\u0cc7\u0cb8\u0ccd \u0c86\u0cab\u0ccd \u0cb5\u0cc6\u0cb8\u0ccd\u0c9f\u0ccd\u200c\u0cae\u0cbf\u0ca8\u0ccd\u0cb8\u0ccd\u200c\u0c9f\u0cb0\u0ccd", "name:pl": "Pa\u0142ac Westminsterski", "name:pt": "Pal\u00e1cio de Westminster", "name:ro": "Palatul Westminster", "name:sco": "Palace o Wastmeenster", "name:sk": "Westministersk\u00fd pal\u00e1c", "name:sr": "\u0412\u0435\u0441\u0442\u043c\u0438\u043d\u0441\u0442\u0435\u0440\u0441\u043a\u0430 \u043f\u0430\u043b\u0430\u0442\u0430", "name:th": "\u0e1e\u0e23\u0e30\u0e23\u0e32\u0e0a\u0e27\u0e31\u0e07\u0e40\u0e27\u0e2a\u0e15\u0e4c\u0e21\u0e34\u0e19\u0e2a\u0e40\u0e15\u0e2d\u0e23\u0e4c", "name:zh": "\u5a01\u65af\u654f\u65af\u7279\u5bab", "office": "government", "tourism": "attraction", "type": "multipolygon", "website": "https://www.parliament.uk/", "wheelchair": "yes", "wikidata": "Q62408", "wikimedia_commons": "Category:Palace of Westminster", "wikipedia": "en:Palace of Westminster"}}, {"tags": {"building": "yes", "image": "File:Osborne House1.jpg", "name": "Osborne House", "note": "Opening hours of the park are different", "opening_hours": "Apr 01-Sep 30 10:00-17:00", "source": "Bing", "tourism": "attraction", "type": "multipolygon", "wikidata": "Q565155", "wikipedia": "en:Osborne House"}}, {"tags": {"addr:city": "London", "addr:housename": "Highgate Cemetery", "addr:postcode": "N6 6PJ", "addr:street": "Swain's Lane", "charge": "10.00 GBP", "fee": "yes", "landuse": "cemetery", "name": "Highgate Cemetery", "name:en": "Highgate Cemetery", "name:es": "Cementerio de Highgate", "name:he": "\u05d1\u05d9\u05ea \u05d4\u05e7\u05d1\u05e8\u05d5\u05ea \u05d4\u05d9\u05d9\u05d2\u05d9\u05d9\u05d8", "name:it": "Cimitero di Highgate", "name:ru": "\u0425\u0430\u0439\u0433\u0435\u0439\u0442\u0441\u043a\u043e\u0435 \u043a\u043b\u0430\u0434\u0431\u0438\u0449\u0435", "name:zh": "\u6d77\u683c\u7279\u516c\u5893", "opening_hours": "Mar-Oct 10:00-17:00; Nov-Feb 10:00-16:00", "tourism": "attraction", "type": "multipolygon", "website": "https://highgatecemetery.org/", "wikidata": "Q533697", "wikipedia": "en:Highgate Cemetery"}}, {"tags": {"archaeological_site": "petroglyph", "geoglyph_type": "hill_figure", "historic": "archaeological_site", "image": "http://en.wikipedia.org/wiki/Uffington_White_Horse#mediaviewer/File:Uffington-White-Horse-sat.jpg", "man_made": "geoglyph", "material": "stone", "name": "The White Horse", "natural": "bare_rock", "operator": "The National Trust", "site_type": "petroglyph", "tourism": "attraction", "type": "multipolygon", "wikidata": "Q1056493", "wikipedia": "en:Uffington White Horse"}}, {"tags": {"addr:city": "Cockermouth", "addr:postcode": "CA13 9RX", "addr:street": "Main Street", "building": "yes", "historic": "building", "name": "Wordworth House", "operator": "National Trust", "phone": "+44 1900 824805", "tourism": "attraction", "type": "multipolygon", "website": "https://www.nationaltrust.org.uk/wordsworth-house/", "wikidata": "Q8034490", "wikipedia": "en:Wordsworth House"}}, {"tags": {"addr:city": "London", "addr:housenumber": "10", "addr:postcode": "SW1A 2AA", "addr:street": "Downing Street", "building": "yes", "heritage": "2", "heritage:operator": "Historic England", "listed_status": "Grade I", "loc_name": "Number 10", "name": "10 Downing Street", "office": "government", "official_name": "Prime Minister\u2019s Office", "ref:GB:nhle": "1210759", "tourism": "attraction", "type": "multipolygon", "website": "https://www.gov.uk/government/organisations/prime-ministers-office-10-downing-street", "wikidata": "Q169101", "wikipedia": "en:10 Downing Street"}}, {"tags": {"addr:city": "Swaffham", "addr:country": "GB", "addr:housename": "Oxburgh Hall", "addr:postcode": "PE33 9PS", "building": "yes", "castle_type": "stately", "fhrs:id": "832093", "heritage": "yes", "historic": "castle", "name": "Oxburgh Hall", "operator": "National Trust", "tourism": "attraction", "type": "multipolygon", "website": "https://www.nationaltrust.org.uk/oxburghhall/", "wikidata": "Q7115152", "wikipedia": "en:Oxburgh Hall"}}, {"tags": {"addr:city": "London", "addr:country": "GB", "addr:housenumber": "252", "addr:postcode": "WC1V 7EN", "addr:street": "High Holborn", "brand": "Rosewood", "brand:wikidata": "Q7368777", "building": "hotel", "building:levels": "5", "building:material": "sandstone", "contact:phone": "+44 20 7781 8888", "contact:website": "http://www.rosewoodhotels.com/en/london", "fhrs:id": "925811", "fhrs:local_authority_id": "84064", "name": "Rosewood London", "name:en": "Rosewood London", "name:zh": "\u4f26\u6566\u7470\u4e3d\u9152\u5e97", "official_name": "Rosewood Hotels & Resorts", "roof:colour": "grey", "roof:levels": "2", "tourism": "hotel", "type": "multipolygon", "wikidata": "Q5070826", "wikipedia": "en:Rosewood London"}}, {"tags": {"building": "yes", "fee": "yes", "historic": "manor", "name": "Knole House", "operator": "National Trust", "postal_code": "TN15 0RP", "tourism": "attraction", "type": "multipolygon", "website": "https://www.nationaltrust.org.uk/knole/", "wikidata": "Q1285144", "wikipedia": "en:Knole"}}, {"tags": {"alt_name": "Royal National Theatre", "amenity": "arts_centre", "building": "yes", "building:material": "concrete", "height": "6.5", "layer": "1", "name": "National Theatre", "name:de": "Nationaltheater", "name:en": "National Theatre", "name:zh": "\u56fd\u5bb6\u5267\u9662", "roof:material": "concrete", "tourism": "attraction", "type": "multipolygon", "website": "https://www.nationaltheatre.org.uk/", "wheelchair": "yes", "wikidata": "Q511108", "wikipedia": "en:Royal National Theatre"}}, {"tags": {"building": "yes", "name": "Otterburn Hall Hotel", "postal_code": "NE19 1HE", "tourism": "hotel", "type": "multipolygon", "wikidata": "Q7109431", "wikipedia": "en:Otterburn Hall"}}, {"tags": {"building": "public", "name": "Williamson Art Gallery & Museum", "tourism": "museum", "type": "multipolygon", "wikidata": "Q16897654", "wikipedia": "en:Williamson Art Gallery and Museum"}}, {"tags": {"addr:city": "London", "addr:housename": "Royal Courts of Justice", "addr:postcode": "WC2A 2LL", "addr:street": "Strand", "alt_name": "Law Courts", "amenity": "courthouse", "building": "public", "building:colour": "white", "building:levels": "4", "building:material": "stone", "contact:phone": "+44 20 7947 6000", "contact:website": "http://www.justice.gov.uk/courts/rcj-rolls-building/rcj", "historic": "building", "int_name": "UK Royal Courts of Justice, London", "name": "Royal Courts of Justice", "name:cs": "Kr\u00e1lovsk\u00fd soudn\u00ed dv\u016fr", "name:de": "K\u00f6nigliche Gerichtsh\u00f6fe", "name:en": "Royal Courts of Justice", "name:es": "Tribunales de Justicia", "name:fr": "Cour royale de justice", "name:he": "\u05d1\u05ea\u05d9 \u05d4\u05de\u05e9\u05e4\u05d8 \u05d4\u05de\u05dc\u05db\u05d5\u05ea\u05d9\u05d9\u05dd", "name:ja": "\u738b\u7acb\u88c1\u5224\u6240", "name:ru": "\u041a\u043e\u0440\u043e\u043b\u0435\u0432\u0441\u043a\u0438\u0439 \u0441\u0443\u0434\u043d\u044b\u0439 \u0434\u0432\u043e\u0440", "opening_hours": "Mo-Fr 09:00-16:30", "roof:colour": "black", "roof:material": "roof_tiles", "roof:shape": "gabled", "short_name": "RCJ", "start_date": "1882", "tourism": "attraction", "type": "multipolygon", "wheelchair": "limited", "wikidata": "Q609835", "wikipedia": "en:Royal Courts of Justice"}}, {"tags": {"name": "Northumberlandia", "tourism": "attraction", "type": "site", "wikipedia": "en:Northumberlandia"}}, {"tags": {"alt_name": "Kilburn White Horse", "man_made": "geoglyph", "name": "White Horse of Kilburn", "natural": "scree", "source:surface": "Was cleaned and painted in 2014 and 2022;visible from A64 York bypass", "surface": "limestone;white_paint", "tourism": "attraction", "type": "multipolygon", "wikidata": "Q2962912", "wikipedia": "en:Kilburn White Horse"}}, {"tags": {"building": "yes", "name": "Matfen Hall", "tourism": "hotel", "type": "multipolygon", "wikidata": "Q13529227", "wikipedia": "en:Matfen Hall"}}, {"tags": {"access": "customers", "addr:city": "Wilton", "addr:housename": "Wilton House", "addr:postcode": "SP2 0BZ", "building": "yes", "historic": "manor", "name": "Wilton House", "name:zh": "\u5a01\u5c14\u987f\u5e84\u56ed", "opening_hours": "Su-Th 11:30-16:30", "tourism": "attraction", "type": "multipolygon", "website": "https://www.historichouses.org/houses/house-listing/wilton-house.html", "wikidata": "Q1429120", "wikipedia": "en:Wilton House"}}, {"tags": {"building": "yes", "historic": "manor", "name": "Glynde Place", "source": "Bing", "tourism": "attraction", "type": "multipolygon", "wikidata": "Q5572917", "wikipedia": "en:Glynde Place"}}, {"tags": {"building": "yes", "name": "The Roman Baths", "name:ur": "\u0631\u0648\u0645\u06cc \u062d\u0645\u0627\u0645\u0627\u062a", "tourism": "attraction", "type": "multipolygon", "wikidata": "Q2540426", "wikipedia": "en:Roman Baths (Bath)"}}, {"tags": {"addr:city": "Wroxall", "addr:postcode": "CV35 7NB", "addr:street": "Birmingham Road", "building": "hotel", "fhrs:id": "241818", "heritage": "2", "heritage:operator": "Historic England", "hotel_name": "The Mansion", "listed_status": "Grade II", "name": "Wroxall Abbey", "tourism": "hotel", "type": "multipolygon", "website": "https://www.wroxall.com/", "wikidata": "Q8038716", "wikipedia": "en:Wroxall Abbey"}}, {"tags": {"HE_ref": "1343217", "heritage": "2", "heritage:operator": "Historic England", "historic": "ruins", "listed_status": "Grade I", "name": "Priory Ruins", "note": "Ruins don't really extend across footpath as mapped? Ruins are sometimes only ground height", "source": "bing;English Heritage", "tourism": "attraction", "type": "multipolygon", "wikidata": "Q5311953", "wikipedia": "en:Dudley Priory"}}, {"tags": {"addr:city": "Dudley", "addr:postcode": "DY1 4QF", "addr:state": "West Midlands", "addr:street": "Castle Hill", "name": "Dudley Zoological Gardens and Castle", "note": "approx borders", "phone": "+44 1384 215 313", "tourism": "zoo", "type": "multipolygon", "website": "https://www.dudleyzoo.org.uk/", "wikidata": "Q5312027", "wikipedia": "en:Dudley Zoo"}}, {"tags": {"addr:city": "York", "addr:postcode": "YO1 9SA", "addr:street": "Tower Street", "attraction": "historic", "building": "yes", "castle_type": "defensive", "description": "Main building (bailery) of the original Castle of York set on a high mound (motte). Present building dates from 1259 on the site of William the Conqueror's 1068 timber castle.", "fee": "yes", "historic": "castle", "listed_status": "Grade I", "material": "stone", "name": "Clifford's Tower", "name:zh": "\u514b\u5229\u798f\u5fb7\u5854", "opening_hours": "1 Apr-30 Sep 10:00-18:00; 1 Oct-31 Oct 10:00-17:00; 1 Nov-31 Mar 10:00-16:00", "operator": "English Heritage", "phone": "+44 1904 646940", "ruins": "yes", "tourism": "attraction", "type": "multipolygon", "website": "https://www.english-heritage.org.uk/visit/places/cliffords-tower-york/", "wheelchair": "no", "wikidata": "Q80637", "wikipedia": "en:York Castle"}}, {"tags": {"addr:city": "London", "addr:housenumber": "30", "addr:street": "Albemarle Street", "building": "hotel", "building:colour": "white", "building:levels": "5", "building:material": "plaster", "fhrs:confidence_management": "5", "fhrs:hygiene": "0", "fhrs:id": "413546", "fhrs:local_authority_id": "01254/4000/0/000", "fhrs:rating": "5", "fhrs:structural": "0", "name": "Brown's Hotel", "operator": "Rocco Forte Hotels", "postal_code": "W1S 4BP", "source:addr": "FSA Food Hygiene Ratings Database", "source:postcode": "FSA Food Hygiene Ratings Database", "tourism": "hotel", "type": "multipolygon", "website": "https://www.roccofortehotels.com/hotels-and-resorts/browns-hotel/", "wikidata": "Q4975949", "wikipedia": "en:Brown's Hotel"}}, {"tags": {"addr:postcode": "OX1 1DW", "amenity": "university", "learning": "oxford_college", "name": "Pembroke College", "source:addr:postcode": "OS Codepoint", "tourism": "attraction", "type": "multipolygon", "wikidata": "Q82606", "wikipedia": "en:Pembroke College, Oxford"}}, {"tags": {"HE_ref": "1000679", "addr:city": "Bakewell", "addr:postcode": "DE45 1LA", "building": "yes", "building:condition": "preserved", "castle_type": "palace", "heritage": "2", "heritage:operator": "English Heritage", "historic": "castle", "listed_status": "Grade I", "name": "Haddon Hall", "name:zh": "\u54c8\u9813\u838a\u5712\u904a", "source": "bing", "tourism": "attraction", "type": "multipolygon", "wikidata": "Q3080996", "wikipedia": "en:Haddon Hall"}}, {"tags": {"addr:postcode": "ME1 1SW", "building": "yes", "castle_type": "defensive", "historic": "castle", "name": "Rochester Castle", "operator": "English Heritage", "ruins": "yes", "tourism": "attraction", "type": "multipolygon", "website": "https://www.english-heritage.org.uk/visit/places/rochester-castle/", "wikidata": "Q1125527", "wikipedia": "en:Rochester Castle"}}, {"tags": {"addr:city": "Stamford", "addr:postcode": "PE9 3JY", "building": "country_house", "castle_type": "stately", "historic": "castle", "name": "Burghley House", "tourism": "attraction", "type": "multipolygon", "website": "https://www.burghley.co.uk/", "wikidata": "Q1015079", "wikipedia": "en:Burghley House"}}, {"tags": {"alt_name": "The Monument", "alt_name:es": "The Monument", "building": "yes", "fee": "yes", "height": "62", "historic": "monument", "man_made": "tower", "name": "The Monument to the Great Fire of London", "name:en": "The Monument to the Great Fire of London", "name:es": "Monumento al Gran Incendio de Londres", "name:fr": "Monument au Grand incendie de Londres", "name:ko": "\ub7f0\ub358 \ub300\ud654\uc7ac \uae30\ub150\ube44", "opening_hours": "Apr-Sep: 09:30-18:00 \"last admission 17:30\"; Oct-Mar: 09:30-17:30 \"last admission 17:00\"", "payment:cash": "yes", "tourism": "attraction", "tower:type": "monument", "type": "multipolygon", "wheelchair": "no", "wikidata": "Q607700", "wikipedia": "en:Monument to the Great Fire of London"}}, {"tags": {"building": "yes", "name": "Brownsover Hall", "tourism": "hotel", "type": "multipolygon", "wikidata": "Q4976724", "wikipedia": "en:Brownsover Hall"}}, {"tags": {"area": "yes", "description": "Square where many demonstrations are held. Views of several notable buildings.", "highway": "pedestrian", "name": "Parliament Square", "name:be": "\u041f\u0430\u0440\u043b\u0430\u043c\u0435\u043d\u0442\u0441\u043a\u0430\u044f \u043f\u043b.", "name:en": "Parliament Square", "name:gl": "Praza do parlamento", "name:ru": "\u041f\u0430\u0440\u043b\u0430\u043c\u0435\u043d\u0442\u0441\u043a\u0430\u044f \u043f\u043b.", "source": "Bing", "source:description": "Wikipedia", "tourism": "attraction", "type": "multipolygon", "wikidata": "Q1368556", "wikipedia": "en:Parliament Square"}}, {"tags": {"access": "yes", "attraction": "building", "description": "3-span aqueduct built of Bath Stone carrying canal over river. Completed 1801, opened 1805. Grade 1 listed monument. You can wlk over the top.", "fee": "no", "layer": "1", "length": "137.2 m", "name": "Dundas Aqueduct", "start_date": "1797", "tourism": "attraction", "type": "bridge", "wikidata": "Q2859207", "wikipedia": "en:Dundas Aqueduct"}}, {"tags": {"amenity": "place_of_worship", "building": "cathedral", "building:part": "no", "denomination": "anglican", "heritage": "1", "heritage:operator": "whc", "heritage:website": "http://whc.unesco.org/en/list/370", "historic": "heritage", "image": "http://commons.wikimedia.org/wiki/File:Durham_Cathedral_from_the_south-2.jpg", "name": "Durham Cathedral", "ref:whc": "370", "religion": "christian", "source": "Bing; photos; Wikipedia's floor plan", "tourism": "attraction", "type": "multipolygon", "website": "https://www.durhamcathedral.co.uk/", "whc:criteria": "(ii)(iv)(vi)", "whc:inscription_date": "1986", "wikidata": "Q746207", "wikipedia": "en:Durham Cathedral"}}, {"tags": {"attraction": "nature", "description": "Ten-acre botanical Museum Gardens, around the Yorkshire Museum and set in the surroundings of the medieval ruins of St. Mary\u2019s Abbey. Established in the 1830s by the Yorkshire Philosophical Society, these gardens are famous for their col", "leisure": "park", "name": "Museum Gardens", "operator": "York Museums Trust", "tourism": "attraction", "type": "multipolygon", "website": "https://www.yorkshiremuseum.org.uk/", "wikidata": "Q2883914", "wikipedia": "en:York Museum Gardens"}}, {"tags": {"addr:city": "London", "addr:housenumber": "90", "addr:postcode": "W1K 7TN", "addr:street": "Park Lane", "building": "yes", "fax": "+44 (0)20 7629 9337", "height": "3", "name": "Grosvenor House Hotel", "operator": "Mariott", "phone": "+44 20 7499 6363", "rooms": "494", "stars": "5", "tourism": "hotel", "type": "multipolygon", "wikidata": "Q5610641", "wikipedia": "en:Grosvenor House Hotel"}}, {"tags": {"building": "yes", "name": "Fulham Palace", "source": "yahoo", "source:name": "os_street_view", "tourism": "museum", "type": "multipolygon", "website": "https://www.fulhampalace.org/", "wikidata": "Q5507927", "wikipedia": "en:Fulham Palace"}}, {"tags": {"addr:city": "Sutton Coldfield", "addr:country": "GB", "addr:housename": "Penns Hall", "addr:postcode": "B76 1LH", "addr:street": "Penns Lane", "brand": "Ramada", "brand:wikidata": "Q1502859", "brand:wikipedia": "en:Ramada", "building": "hotel", "fhrs:id": "747314", "heritage": "6", "heritage:operator": "Birmingham City Council", "listed_status": "local_grade_B", "name": "Ramada Birmingham Sutton Coldfield", "television_location": "Crossroads Motel (1985-1988)", "tourism": "hotel", "type": "multipolygon", "wikidata": "Q7163496", "wikipedia": "en:Penns Hall"}}, {"tags": {"building": "castle", "castle_type": "manor", "historic": "manor", "name": "Ightham Mote", "operator": "National Trust", "postal_code": "TN15 0NT", "tourism": "attraction", "type": "multipolygon", "wikidata": "Q1254903", "wikipedia": "en:Ightham Mote"}}, {"tags": {"access": "customers", "archaeological_site": "settlement", "historic": "archaeological_site", "name": "Butser Ancient Farm", "site_type": "settlement", "tourism": "attraction", "type": "multipolygon", "website": "http://www.butserancientfarm.co.uk/", "wikidata": "Q1018018", "wikipedia": "en:Butser Ancient Farm"}}, {"tags": {"building": "yes", "name": "Burlington House", "name:es": "Academia Real de las Artes.", "note": "Includes the Royal Academy of Arts and the various societies situated around the courtyard", "tourism": "attraction", "type": "multipolygon", "wikidata": "Q225471", "wikipedia": "en:Burlington House"}}, {"tags": {"addr:city": "Trentham", "addr:housename": "The Trentham Estate", "addr:postcode": "ST4 8AX", "addr:street": "Stone Road", "alt_name": "The Trentham Estate", "email": "enquiry@trentham.co.uk", "leisure": "park", "name": "Trentham Gardens", "phone": "+44 1782 646646", "tourism": "attraction", "type": "multipolygon", "website": "https://www.trentham.co.uk/", "wikipedia": "en:Trentham Estate"}}, {"tags": {"name": "Trafalgar Square", "name:en": "Trafalgar Square", "name:et": "Trafalgari v\u00e4ljak", "name:gl": "Praza de Trafalgar", "name:ja": "\u30c8\u30e9\u30d5\u30a1\u30eb\u30ac\u30fc\u5e83\u5834", "name:ko": "\ud2b8\ub77c\ud314\uac00 \uad11\uc7a5", "name:ru": "\u0422\u0440\u0430\u0444\u0430\u043b\u044c\u0433\u0430\u0440\u0441\u043a\u0430\u044f \u043f\u043b\u043e\u0449\u0430\u0434\u044c", "name:tr": "Trafalgar Meydan\u0131", "place": "square", "postal_code": "WC2", "tourism": "attraction", "type": "multipolygon", "wheelchair": "yes", "wikidata": "Q129143", "wikipedia": "en:Trafalgar Square"}}, {"tags": {"amenity": "university", "name": "Merton College", "name:fr": "College de Merton", "name:zh": "\u83ab\u987f\u5b66\u9662", "operator": "Merton College", "tourism": "attraction", "type": "multipolygon", "website": "https://www.merton.ox.ac.uk/", "wikidata": "Q82513", "wikipedia": "en:Merton College, Oxford"}}, {"tags": {"addr:city": "Winchester", "addr:housename": "Marwell Zoo", "addr:postcode": "SO21 1JH", "addr:street": "Thompsons Lane", "addr:suburb": "Colden Common", "alt_name": "Marwell Wildlife", "fee": "yes", "name": "Marwell Zoo", "note": "Shape just a guess really, based on traces known to be inside or outside the zoo. Marwell Wildlife is a registered charity, number 275433 but the zoo is branded as Marwell Zoo", "phone": "+44 1962 777407", "tourism": "zoo", "type": "multipolygon", "website": "https://www.marwell.org.uk/", "wheelchair": "yes", "wikidata": "Q15249491", "wikipedia": "en:Marwell Wildlife"}}, {"tags": {"addr:city": "Portsmouth", "addr:housename": "Portsmouth Historic Dockyard", "addr:postcode": "PO1 3LJ", "addr:street": "HM Naval Base", "name": "Portsmouth Historic Dockyard", "tourism": "attraction", "type": "multipolygon", "website": "https://historicdockyard.co.uk/", "wikidata": "Q21030119", "wikipedia": "en:Portsmouth Historic Dockyard"}}, {"tags": {"historic": "ruins", "name": "White Ladies Priory", "operator": "English Heritage", "tourism": "attraction", "type": "multipolygon", "website": "https://www.english-heritage.org.uk/visit/places/white-ladies-priory/", "wikidata": "Q7994966", "wikipedia": "en:White Ladies Priory"}}, {"tags": {"building": "yes", "name": "Royal Naval Museum", "tourism": "museum", "type": "multipolygon", "wikidata": "Q3445999", "wikipedia": "en:National Museum of the Royal Navy, Portsmouth"}}, {"tags": {"building": "hotel", "name": "Best Western Lord Haldon Hotel", "tourism": "hotel", "type": "multipolygon", "wikidata": "Q20711446", "wikipedia": "en:Haldon House"}}, {"tags": {"addr:postcode": "TD15 2SH", "building": "yes", "castle_type": "fortress", "email": "lindisfarne@nationaltrust.org.uk", "historic": "castle", "image": "https://www.geograph.org.uk/photo/6636200", "name": "Lindisfarne Castle", "name:de": "Lindisfarne Castle", "name:es": "Castillo de Lindisfarne", "name:fr": "Ch\u00e2teau de Lindisfarne", "name:no": "Lindisfarne Castle", "name:pt": "Castelo de Lindisfarne", "name:ru": "\u0417\u0430\u043c\u043e\u043a \u041b\u0438\u043d\u0434\u0438\u0441\u0444\u0430\u0440\u043d", "name:sv": "Lindisfarne Castle", "name:uk": "\u041b\u0456\u043d\u0434\u0456\u0441\u0444\u0430\u0440\u043d\u0441\u044c\u043a\u0438\u0439 \u0437\u0430\u043c\u043e\u043a", "operator": "National Trust", "owner": "National Trust", "phone": "+44 1289 389244", "tourism": "attraction", "type": "multipolygon", "website": "https://www.nationaltrust.org.uk/lindisfarne-castle/", "wheelchair": "no", "wikidata": "Q2627072", "wikipedia": "en:Lindisfarne Castle"}}, {"tags": {"addr:city": "Arley, Northwich", "addr:postcode": "CW9 6NA", "building": "yes", "name": "Arley Hall", "phone": "+44 1565 777 353", "source": "local_knowledge", "tourism": "attraction", "type": "multipolygon", "website": "http://www.arleyhallandgardens.com/", "wheelchair": "limited", "wikidata": "Q4792221", "wikipedia": "en:Arley Hall"}}, {"tags": {"building": "house", "name": "Hoghton Tower", "tourism": "attraction", "type": "multipolygon", "wikidata": "Q5877308", "wikipedia": "en:Hoghton Tower"}}, {"tags": {"building": "detached", "name": "Lytham Hall", "tourism": "museum", "type": "multipolygon", "website": "http://www.lythamhall.co.uk/", "wikidata": "Q6710327", "wikipedia": "en:Lytham Hall"}}, {"tags": {"addr:city": "Chester", "addr:hamlet": "Upton-by-Chester", "addr:housename": "Chester Zoo", "addr:postcode": "CH2 1LH", "alt_name": "Chester Zoological Gardens", "fence": "perimeter", "name": "Chester Zoo", "phone": "+44 1244 380280", "tourism": "zoo", "type": "multipolygon", "website": "https://www.chesterzoo.org/", "wikidata": "Q3139243", "wikipedia": "en:Chester Zoo"}}, {"tags": {"access": "permit", "addr:city": "London", "addr:housename": "Buckingham Palace", "addr:postcode": "SW1A 1AA", "building": "palace", "building:colour": "#e7e3d9", "castle_type": "palace", "height": "23.4", "heritage": "2", "heritage:operator": "Historic England", "heritage:ref": "1239087", "heritage:since": "1970-02-05", "heritage:website": "https://historicengland.org.uk/listing/the-list/list-entry/1239087", "historic": "castle", "listed_status": "Grade I", "name": "Buckingham Palace", "name:af": "Buckingham-paleis", "name:ar": "\u0642\u0635\u0631 \u0628\u0643\u0646\u063a\u0647\u0627\u0645", "name:ast": "Palaciu de Buckingham", "name:az": "Bukinqem saray\u0131", "name:ban": "Buckingham Palace", "name:be": "\u0411\u0430\u043a\u0456\u043d\u0433\u0435\u043c\u0441\u043a\u0456 \u043f\u0430\u043b\u0430\u0446", "name:be-tarask": "\u0411\u044d\u043a\u0456\u043d\u0433\u0433\u044d\u043c\u0441\u043a\u0456 \u043f\u0430\u043b\u0430\u0446", "name:bg": "\u0411\u044a\u043a\u0438\u043d\u0433\u0430\u043c\u0441\u043a\u0438 \u0434\u0432\u043e\u0440\u0435\u0446", "name:bn": "\u09ac\u09be\u0995\u09bf\u0982\u09b9\u09be\u09ae \u09aa\u09cd\u09b0\u09be\u09b8\u09be\u09a6", "name:br": "Palez Buckingham", "name:bs": "Bakingemska pala\u010da", "name:ca": "Palau de Buckingham", "name:cs": "Buckinghamsk\u00fd pal\u00e1c", "name:cy": "Palas Buckingham", "name:da": "Buckingham Palace", "name:de": "Buckingham-Palast", "name:el": "\u0391\u03bd\u03ac\u03ba\u03c4\u03bf\u03c1\u03b1 \u03c4\u03bf\u03c5 \u039c\u03c0\u03ac\u03ba\u03b9\u03bd\u03b3\u03ba\u03c7\u03b1\u03bc", "name:en": "Buckingham Palace", "name:eo": "Palaco Buckingham", "name:es": "Palacio de Buckingham", "name:et": "Buckinghami palee", "name:eu": "Buckingham jauregia", "name:fa": "\u06a9\u0627\u062e \u0628\u0627\u06a9\u06cc\u0646\u06af\u0647\u0627\u0645", "name:fi": "Buckinghamin palatsi", "name:fr": "Palais de Buckingham", "name:fy": "Buckingham Palace", "name:ga": "P\u00e1l\u00e1s Buckingham", "name:gl": "Palacio de Buckingham", "name:gu": "\u0aac\u0a95\u0abf\u0a82\u0a97\u0ab9\u0abe\u0aae \u0aaa\u0ac7\u0ab2\u0ac7\u0ab8", "name:hak": "Buckingham Ki\u00fbng", "name:he": "\u05d0\u05e8\u05de\u05d5\u05df \u05d1\u05e7\u05d9\u05e0\u05d2\u05d4\u05d0\u05dd", "name:hi": "\u092c\u0915\u093f\u0902\u0918\u092e \u092a\u0948\u0932\u0947\u0938", "name:hr": "Buckinghamska pala\u010da", "name:hu": "Buckingham-palota", "name:hy": "\u0532\u0578\u0582\u0584\u056b\u0576\u0563\u0570\u0565\u0574\u0575\u0561\u0576 \u057a\u0561\u056c\u0561\u057f", "name:id": "Istana Buckingham", "name:is": "Buckinghamh\u00f6ll", "name:it": "Buckingham Palace", "name:ja": "\u30d0\u30c3\u30ad\u30f3\u30ac\u30e0\u5bae\u6bbf", "name:jv": "Kedhaton Buckingham", "name:ka": "\u10d1\u10d0\u10d9\u10d8\u10dc\u10d2\u10d4\u10db\u10d8\u10e1 \u10e1\u10d0\u10e1\u10d0\u10ee\u10da\u10d4", "name:kk": "\u0411\u0443\u043a\u0438\u043d\u0433\u0435\u043c \u0441\u0430\u0440\u0430\u0439\u044b", "name:kn": "\u0cac\u0c95\u0cbf\u0c82\u0c97\u0ccd\u0cb9\u0ccd\u0caf\u0cbe\u0cae\u0ccd \u0c85\u0cb0\u0cae\u0ca8\u0cc6", "name:ko": "\ubc84\ud0b9\uc5c4 \uad81\uc804", "name:lv": "Bakingemas pils", "name:mai": "\u092c\u0915\u093f\u0919\u094d\u0918\u092e \u092a\u094d\u092f\u093e\u0932\u0947\u0938", "name:mk": "\u0411\u0430\u043a\u0438\u043d\u0433\u0435\u043c\u0441\u043a\u0430 \u043f\u0430\u043b\u0430\u0442\u0430", "name:ml": "\u0d2c\u0d15\u0d4d\u0d15\u0d3f\u0d19\u0d4d\u0d19\u0d3e\u0d02 \u0d15\u0d4a\u0d1f\u0d4d\u0d1f\u0d3e\u0d30\u0d02", "name:mr": "\u092c\u0915\u093f\u0902\u0917\u0939\u0945\u092e \u0930\u093e\u091c\u0935\u093e\u0921\u093e", "name:ms": "Istana Buckingham", "name:ne": "\u092c\u0915\u093f\u0919\u094d\u0918\u092e \u0930\u093e\u091c\u0926\u0930\u092c\u093e\u0930", "name:nl": "Buckingham Palace", "name:nn": "Buckingham Palace", "name:no": "Buckingham Palace", "name:pl": "Buckingham Palace", "name:pms": "Buckingham Palace", "name:pnb": "\u0628\u06a9\u0646\u06af\u06be\u0645 \u0645\u062d\u0644", "name:pt": "Pal\u00e1cio de Buckingham", "name:ro": "Palatul Buckingham", "name:ru": "\u0411\u0443\u043a\u0438\u043d\u0433\u0435\u043c\u0441\u043a\u0438\u0439 \u0434\u0432\u043e\u0440\u0435\u0446", "name:sco": "Buckingham Pailace", "name:sh": "Buckinghamska pala\u010da", "name:sk": "Buckinghamsk\u00fd pal\u00e1c", "name:sl": "Buckinghamska pala\u010da", "name:sr": "\u0411\u0430\u043a\u0438\u043d\u0433\u0430\u043c\u0441\u043a\u0430 \u043f\u0430\u043b\u0430\u0442\u0430", "name:sv": "Buckingham Palace", "name:ta": "\u0baa\u0b95\u0bcd\u0b95\u0bbf\u0b99\u0bcd\u0b95\u0bbe\u0bae\u0bcd \u0b85\u0bb0\u0ba3\u0bcd\u0bae\u0ba9\u0bc8", "name:te": "\u0c2c\u0c15\u0c3f\u0c02\u0c17\u0c4d \u0c39\u0c3e\u0c2e\u0c4d \u0c2a\u0c3e\u0c32\u0c46\u0c38\u0c4d", "name:th": "\u0e1e\u0e23\u0e30\u0e23\u0e32\u0e0a\u0e27\u0e31\u0e07\u0e1a\u0e31\u0e01\u0e01\u0e34\u0e07\u0e41\u0e2e\u0e21", "name:tl": "Palasyo ng Buckingham", "name:tr": "Buckingham Saray\u0131", "name:tt": "\u0411\u0443\u043a\u0438\u043d\u0433\u0435\u043c \u0441\u0430\u0440\u0430\u0435", "name:uk": "\u0411\u0443\u043a\u0456\u043d\u0433\u0435\u043c\u0441\u044c\u043a\u0438\u0439 \u043f\u0430\u043b\u0430\u0446", "name:ur": "\u0628\u06a9\u0646\u06af\u06be\u0645 \u0645\u062d\u0644", "name:vec": "Pa\u0142aso de Buckingham", "name:vi": "Cung \u0111i\u1ec7n Buckingham", "name:war": "Palasyo han Buckingham", "name:wuu": "\u767d\u91d1\u6c49\u5bab", "name:yi": "\u05d1\u05d0\u05e7\u05d9\u05e0\u05d2\u05d4\u05d0\u05dd \u05e4\u05d0\u05dc\u05d0\u05e5", "name:yue": "\u767d\u91d1\u6f22\u5bae", "name:zh": "\u767d\u91d1\u6c49\u5bab", "opening_hours": "Mo-Su 10:00-17:30", "phone": "+44 20 7766 7300", "ref:GB:nhle": "1239087", "tourism": "attraction", "type": "multipolygon", "website": "https://www.royalcollection.org.uk/visit/the-state-rooms-buckingham-palace", "wikidata": "Q42182", "wikipedia": "en:Buckingham Palace"}}, {"tags": {"building": "yes", "heritage": "2", "heritage:operator": "Historic England", "listed_status": "Grade I", "name": "Canons Ashby House", "operator": "National Trust;Landmark Trust", "tourism": "attraction", "type": "multipolygon", "wikidata": "Q5033399", "wikipedia": "en:Canons Ashby House"}}, {"tags": {"building": "yes", "historic": "castle", "name": "Rockingham Castle", "tourism": "attraction", "type": "multipolygon", "wikidata": "Q3939808", "wikipedia": "en:Rockingham Castle"}}, {"tags": {"email": "ticket.office@goodwood.com", "name": "Goodwood", "owner": "The Goodwood Estate Company Limited", "tourism": "attraction", "type": "site", "website": "https://www.goodwood.com", "wikidata": "Q1537630", "wikipedia": "en:Goodwood House"}}, {"tags": {"addr:city": "Spetchley", "addr:postcode": "WR5 1RS", "email": "enquiries@spetchleygardens.co.uk", "name": "Spetchley Park Gardens", "phone": "+44 1905 345106", "tourism": "attraction", "type": "multipolygon", "website": "https://www.spetchleygardens.co.uk/", "wikidata": "Q7576438", "wikipedia": "en:Spetchley Park"}}, {"tags": {"description": "Former defensive fortification of the Roman province of Britannia", "historic": "wall", "name": "Hadrian's Wall", "name:cs": "Hadri\u00e1n\u016fv val", "name:de": "Hadrianswall", "name:fr": "Mur d'Hadrien", "name:it": "Vallo di Adriano", "name:pl": "Wa\u0142 Hadriana", "name:tr": "Hadrian Duvar\u0131", "old_name": "Vallum Aelium", "tourism": "attraction", "type": "site", "wikidata": "Q57357", "wikipedia": "en:Hadrian's Wall"}}, {"tags": {"alt_name": "The Castle", "email": "info@newcastlecastle.co.uk", "name": "Newcastle Castle", "tourism": "attraction", "type": "boundary", "website": "http://www.newcastlecastle.co.uk/", "wikidata": "Q7721569", "wikipedia": "en:The Castle, Newcastle"}}, {"tags": {"building": "yes", "leisure": "spa", "name": "The Cross Bath", "tourism": "attraction", "type": "multipolygon", "wheelchair": "yes", "wikidata": "Q5188234", "wikipedia": "en:Cross Bath"}}, {"tags": {"building": "yes", "name": "Snape Maltings", "tourism": "attraction", "type": "multipolygon", "url": "http://www.snapemaltings.co.uk/", "wikidata": "Q7547298", "wikipedia": "en:Snape Maltings"}}, {"tags": {"building": "yes", "name": "Wortley Hall", "tourism": "hotel", "type": "multipolygon", "wikidata": "Q8037282", "wikipedia": "en:Wortley Hall"}}, {"tags": {"from": "Black Rock", "name": "Volks Electric Railway", "operator": "Brighton & Hove City Council", "route": "light_rail", "to": "Aquarium", "tourism": "attraction", "type": "route", "usage": "tourism", "website": "http://www.volkselectricrailway.co.uk/", "wikidata": "Q378512", "wikipedia": "en:Volk's Electric Railway"}}, {"tags": {"addr:city": "Gaydon", "addr:housename": "British Motor Museum", "addr:postcode": "CV35 0BJ", "addr:street": "Banbury Road", "building": "yes", "name": "British Motor Museum", "phone": "+44 1926 641188", "source": "OS StreetView", "tourism": "museum", "type": "multipolygon", "website": "https://www.britishmotormuseum.co.uk/", "wheelchair": "yes", "wikidata": "Q5738949", "wikipedia": "en:British Motor Museum"}}, {"tags": {"leisure": "garden", "name": "NT Nymans Gardens", "operator": "National Trust", "tourism": "attraction", "type": "multipolygon", "website": "https://www.nationaltrust.org.uk/visit/sussex/nymans", "wikidata": "Q7071172", "wikimedia_commons": "Category:Nymans Garden", "wikipedia": "en:Nymans"}}, {"tags": {"building": "yes", "castle_type": "stately", "name": "Bowood House", "tourism": "attraction", "type": "multipolygon", "wikidata": "Q444145", "wikipedia": "en:Bowood House"}}, {"tags": {"building": "house", "castle_type": "defensive", "historic": "castle", "layer": "1", "name": "Leeds Castle", "start_date": "1119", "tourism": "attraction", "type": "multipolygon", "wheelchair": "limited", "wikidata": "Q746876", "wikipedia": "en:Leeds Castle"}}, {"tags": {"addr:postcode": "YO61 4BD", "heritage": "2", "heritage:operator": "eh", "historic": "monastery", "image": "http://www.geograph.org.uk/photo/1206106", "name": "Byland Abbey", "operator": "English Heritage", "tourism": "attraction", "type": "multipolygon", "website": "https://www.english-heritage.org.uk/visit/places/byland-abbey/", "wikidata": "Q1018528", "wikimedia_commons": "Category:Byland Abbey", "wikipedia": "en:Byland Abbey"}}, {"tags": {"HE_ref": "1098331", "addr:city": "Exeter", "addr:housename": "Killerton House", "addr:place": "Killerton", "addr:postcode": "EX5 3LE", "building": "yes", "building:colour": "pink", "building:material": "plaster", "heritage": "2", "heritage:operator": "Historic England", "historic": "manor", "listed_status": "Grade II*", "name": "Killerton House", "operator": "National Trust", "owner": "The National Trust", "roof:material": "slate", "start_date": "1680", "tourism": "attraction", "type": "multipolygon", "website": "https://www.nationaltrust.org.uk/killerton/", "wikidata": "Q6988604", "wikipedia": "en:Killerton"}}, {"tags": {"building": "yes", "historic": "building", "image": "https://www.geograph.org.uk/photo/3344588", "name": "Dalemain Mansion", "phone": "+44 17684 86450", "tourism": "attraction", "type": "multipolygon", "website": "https://www.dalemain.com", "wikidata": "Q15978966", "wikipedia": "en:Dalemain"}}, {"tags": {"building": "yes", "fee": "no", "name": "Durlston Castle", "tourism": "museum", "type": "multipolygon", "wikidata": "Q1267394", "wikipedia": "en:Durlston Castle"}}, {"tags": {"building": "house", "name": "Chiswick House", "tourism": "attraction", "type": "multipolygon", "wikidata": "Q1074877", "wikipedia": "en:Chiswick House"}}, {"tags": {"highway": "pedestrian", "name": "Little Dean's Yard", "surface": "paving_stones", "tourism": "attraction", "type": "multipolygon", "wikidata": "Q6649745", "wikipedia": "en:Little Dean's Yard"}}, {"tags": {"addr:city": "Spennymoor", "addr:postcode": "DL16 7QX", "addr:street": "Whitworth Road", "building": "hotel", "email": "enquiries@whitworthhall.co.uk", "internet_access": "wlan", "internet_access:fee": "yes", "name": "Whitworth Hall Hotel", "note": "Currently closed. Re-opening in 2022?", "phone": "+44 1388 811772", "smoking": "separated", "source:addr": "FHRS Open Data", "stars": "3", "tourism": "hotel", "type": "multipolygon", "website": "http://www.whitworthhall.co.uk/", "wheelchair": "yes", "wikidata": "Q7996969", "wikipedia": "en:Whitworth Hall, County Durham"}}, {"tags": {"access": "customers", "addr:city": "Yarpole", "addr:postcode": "HR6 9PW", "building": "yes", "castle_type": "manor", "heritage": "2", "heritage:operator": "Historic England", "historic": "castle", "listed_status": "Grade I", "name": "Croft Castle", "operator": "National Trust", "tourism": "attraction", "type": "multipolygon", "website": "https://www.nationaltrust.org.uk/croftcastle", "wikidata": "Q5187474", "wikipedia": "en:Croft Castle"}}, {"tags": {"addr:city": "Bakewell", "addr:postcode": "DE45 1PP", "building": "yes", "castle_type": "stately", "historic": "castle", "name": "Chatsworth House", "phone": "+44 1246 565300", "tourism": "attraction", "type": "multipolygon", "website": "https://www.chatsworth.org/", "wikidata": "Q1068289", "wikipedia": "en:Chatsworth House"}}, {"tags": {"HE_ref": "1325795", "addr:city": "Exeter", "addr:housename": "Silverton Park Stables", "addr:place": "Silverton", "addr:postcode": "EX5 4DE", "beds": "14", "building": "detached", "building:levels": "2", "cooking": "yes", "dog": "yes", "email": "bookings@landmarktrust.org.uk", "heritage": "2", "heritage:operator": "Historic England", "internet_access": "no", "listed_status": "Grade II", "number_of_apartments": "1", "operator": "The Landmark Trust", "payment:cash": "no", "payment:cheque": "yes", "payment:cryptocurrencies": "no", "payment:electronic_purses": "no", "payment:maestro": "yes", "payment:mastercard": "yes", "payment:visa": "yes", "phone": "+44 1628 825925", "roof:material": "slate", "roof:shape": "hipped", "rooms": "8", "shower": "yes", "smoking": "outside", "start_date": "1839", "tourism": "apartment", "type": "multipolygon", "washing_machine": "yes", "website": "https://www.landmarktrust.org.uk/search-and-book/properties/silverton-park-stables-12159", "wikidata": "Q7516850", "wikipedia": "en:Silverton Park"}}, {"tags": {"addr:housenumber": "1c", "addr:street": "Portland Place", "building": "hotel", "building:levels": "7", "name": "The Langham", "rooms": "380", "stars": "5", "tourism": "hotel", "type": "multipolygon", "website": "http://www.langhamhotels.com/en/the-langham/london/overview/", "wikidata": "Q768935", "wikipedia": "en:Langham Hotel, London"}}, {"tags": {"leisure": "nature_reserve", "name": "Stanwick Lakes", "tourism": "attraction", "type": "multipolygon", "wikidata": "Q28406221", "wikipedia": "en:Stanwick Lakes"}}, {"tags": {"addr:city": "Darlington", "addr:postcode": "DL2 2LY", "building": "hotel", "fhrs:id": "232209", "name": "Walworth Castle Hotel", "phone": "+44 1325 485470", "tourism": "hotel", "type": "multipolygon", "website": "https://walworthcastle.co.uk/", "wikipedia": "en:Walworth Castle"}}, {"tags": {"access": "customers", "alt_name": "Hadrian's Wall and Housesteads Fort", "alt_name_1": "Vercovicium", "barrier": "wall", "historic": "ruins", "historic:civilization": "ancient_roman", "name": "Housesteads Roman Fort", "owner": "National Trust", "phone": "+44 1434 344525", "start_date": "124", "tourism": "attraction", "type": "site", "website": "https://www.nationaltrust.org.uk/hadrians-wall/", "wikidata": "Q1812832", "wikipedia": "en:Housesteads Roman Fort"}}, {"tags": {"addr:city": "London", "addr:housenumber": "225", "addr:postcode": "W2 1JU", "addr:street": "Edgware Road", "brand": "Hilton", "building": "yes", "contact:email": "cbs.londonmet@hilton.com", "contact:facebook": "https://www.facebook.com/HiltonLondonMetropole", "contact:fax": "+44 20 7616 7313", "contact:instagram": "https://www.instagram.com/ruspostofficial", "contact:linkedin": "http://www.linkedin.com/company/hilton-london-metrople", "contact:phone": "+44 20 7402 4141", "contact:pinterest": "http://www.pinterest.com/hiltonlondonmet/", "contact:twitter": "https://twitter.com/HiltonLondonMet", "contact:vk": "https://vk.com/hilton_london_metropole", "contact:website": "https://www.hilton.com/en/hotels/lonmetw-hilton-london-metropole/?WT.mc_id=zELWAKN0EMEA1HI2DMH3LocalSearch4DGGenericx6LONMETW", "contact:youtube": "https://www.youtube.com/c/HiltonLondonMetropole", "internet_access": "wlan", "name": "Hilton London Metropole", "opening_hours": "24/7", "operator": "Hilton Hotels", "payment:american_express": "yes", "payment:cash": "yes", "payment:diners_club": "yes", "payment:mastercard": "yes", "payment:visa": "yes", "rooms": "1059", "smoking": "no", "stars": "4", "tourism": "hotel", "type": "multipolygon", "wheelchair": "yes", "wikipedia": "en:Hilton London Metropole"}}, {"tags": {"leisure": "garden", "name": "Durham University Botanic Garden", "note": "Estimated boundary", "tourism": "attraction", "type": "multipolygon", "website": "https://www.dur.ac.uk/botanic.garden/", "wikidata": "Q5316580", "wikipedia": "en:Durham University Botanic Garden"}}, {"tags": {"layer": "-2", "leisure": "park", "name": "Hardwick Park", "note": "Designated Country Park covers a much larger area", "tourism": "attraction", "type": "multipolygon", "website": "https://www.durham.gov.uk/hardwickpark", "wikidata": "Q5656458", "wikipedia": "en:Hardwick Hall Country Park"}}, {"tags": {"building": "house", "name": "Newstead Abbey", "source": "Bing Trace", "tourism": "attraction", "type": "multipolygon", "wikidata": "Q1819331", "wikipedia": "en:Newstead Abbey"}}, {"tags": {"addr:city": "Skipton", "addr:postcode": "BD23 1AW", "castle_type": "defensive", "historic": "castle", "name": "Skipton Castle", "name:ga": "Caisle\u00e1n Skipton", "tourism": "attraction", "type": "site", "wikidata": "Q7535853", "wikipedia": "en:Skipton Castle"}}, {"tags": {"archaeological_site": "cairn", "ele": "662", "heritage": "2", "historic": "archaeological_site", "man_made": "cairn", "name": "Nine Standards Rigg", "site_type": "cairn", "tourism": "attraction", "type": "site", "wikidata": "Q26266425", "wikipedia": "en:Nine Standards Rigg"}}, {"tags": {"amenity": "pub", "building": "house", "heritage": "yes", "historic": "house", "name": "The George Inn", "tourism": "hotel", "type": "multipolygon", "wikidata": "Q7736175", "wikipedia": "en:The George Inn, Norton St Philip"}}, {"tags": {"incline": "14%", "name": "Steep Hill", "route": "foot", "source": "wikipedia, Bing", "tourism": "street", "type": "route", "wikipedia": "en:Steep Hill"}}, {"tags": {"HE_ref": "1060074", "addr:city": "Taunton", "addr:country": "GB", "addr:county": "Somerset", "addr:postcode": "TA1 1NF", "addr:street": "Castle Green", "building": "hotel", "building:levels": "4", "building:material": "stone", "email": "reception@the-castle-hotel.com", "fax": "+44 1823 336066", "fhrs:id": "41678", "heritage": "2", "heritage:operator": "Historic England", "internet_access": "wlan", "internet_access:fee": "no", "listed_status": "Grade II", "name": "The Castle Hotel", "operator": "Kit Chapman MBE", "owner": "Kit Chapman MBE", "phone": "+44 1823 272671", "roof:material": "roofing_felt", "roof:shape": "flat", "rooms": "44", "smoking": "outside", "stars": "4", "start_date": "C18", "tourism": "hotel", "type": "multipolygon", "website": "https://www.the-castle-hotel.com/", "wheelchair": "yes", "wikidata": "Q5050150", "wikipedia": "en:Castle Hotel, Taunton"}}, {"tags": {"addr:city": "Portsmouth", "addr:housename": "Spinnaker Tower", "addr:postcode": "PO1 3TT", "alt_name": "Spinnaker Tower", "building": "yes", "building:part": "no", "height": "170", "man_made": "tower", "name": "Spinnaker Tower", "phone": "+44 23 9285 7520", "seamark:landmark:category": "tower", "seamark:landmark:colour": "white", "seamark:landmark:construction": "concrete", "seamark:landmark:height": "170", "seamark:name": "Spinnaker Tower", "seamark:type": "landmark", "tourism": "attraction", "tower:type": "observation", "type": "multipolygon", "website": "https://www.spinnakertower.co.uk/", "wheelchair": "no", "wikidata": "Q541846", "wikipedia": "en:Spinnaker Tower"}}, {"tags": {"addr:city": "Haywards Heath", "addr:housename": "Wakehurst Place", "addr:postcode": "RH17 6TN", "addr:street": "Selsfield Road", "email": "wakehurst@kew.org", "leisure": "garden", "name": "Wakehurst Place", "phone": "+44 1444 894066", "tourism": "attraction", "type": "multipolygon", "wikidata": "Q7961105", "wikipedia": "en:Wakehurst Place"}}, {"tags": {"addr:city": "Edenbridge", "addr:postcode": "TN8 7NG", "building": "yes", "castle_type": "stately", "historic": "castle", "name": "Hever Castle", "name:ar": "\u0642\u0644\u0639\u0629 \u0647\u064a\u0641\u0631", "name:eo": "Kastelo Hever", "name:fa": "\u062f\u0698 \u0647\u06cc\u0648\u0631", "name:fr": "Ch\u00e2teau d'Hever", "name:it": "Castello di Hever", "name:sr": "\u0417\u0430\u043c\u0430\u043a \u0425\u0438\u0432\u0435\u0440", "name:tr": "Hever Kalesi", "name:zh": "\u8d6b\u5f17\u57ce\u5821", "tourism": "attraction", "type": "multipolygon", "website": "https://www.hevercastle.co.uk/", "wikidata": "Q1132683", "wikipedia": "en:Hever Castle"}}, {"tags": {"addr:city": "Rochdale", "addr:housenumber": "31", "addr:postcode": "OL12 0NU", "addr:street": "Toad Lane", "building": "yes", "building:levels": "3", "email": "museum@heritagetrust.coop", "fee": "no", "historic": "building", "museum": "history", "name": "Rochdale Pioneers Museum", "operator": "Co-operative Heritage Trust", "operator:type": "cooperative", "phone": "+44 1706 524920", "tourism": "museum", "type": "multipolygon", "website": "https://www.co-operativeheritage.coop", "wheelchair": "yes", "wikidata": "Q7353808", "wikipedia": "en:Rochdale Pioneers Museum"}}, {"tags": {"archaeological_site": "megalith", "historic": "archaeological_site", "megalith_type": "stone_circle", "name": "The Merry Maidens Stone Circle", "site_type": "megalith", "tourism": "attraction", "type": "multipolygon", "wikidata": "Q1922063", "wikipedia": "en:The Merry Maidens"}}, {"tags": {"alt_name": "The Pipers", "archaeological_site": "megalith", "historic": "archaeological_site", "historic:civilization": "prehistoric", "megalith_type": "menhir", "name": "The Hurlers Pipers", "site_type": "megalith", "source": "https://www.megalithic.co.uk/article.php?sid=24117", "tourism": "attraction", "type": "site", "wikidata": "Q7757241", "wikipedia": "en:The Pipers"}}, {"tags": {"name": "Folkestone White Horse", "tourism": "attraction", "type": "site", "website": "http://whitehorsefolkestone.co.uk/", "wikidata": "Q5464533", "wikipedia": "en:Folkestone White Horse"}}, {"tags": {"area": "yes", "name": "Stonehenge Landscape", "operator": "National Trust", "tourism": "attraction", "type": "multipolygon", "website": "https://www.nationaltrust.org.uk/stonehenge-landscape", "wikidata": "Q7619218", "wikipedia": "en:Stonehenge Landscape"}}, {"tags": {"HE_ref": "1006359", "access": "yes", "archaeological_site": "megalith", "description": "Re-erected", "heritage": "2", "heritage:operator": "Historic England", "historic": "archaeological_site", "historic:civilization": "neolithic", "listed_status": "Scheduled Monument", "megalith_type": "stone_circle", "name": "Devil's Quoits", "site_type": "megalith", "surface": "grass", "tourism": "attraction", "type": "multipolygon", "wikidata": "Q5267216", "wikipedia": "en:Devil's Quoits"}}, {"tags": {"amenity": "university", "landuse": "education", "learning": "oxford_college", "name": "Magdalen College", "name:zh": "\u83ab\u5fb7\u6797\u5b66\u9662", "opening_hours": "Mo-Su 12:00-19:00", "source": "yahoo_imagery", "tourism": "attraction", "type": "multipolygon", "wikidata": "Q81162", "wikipedia": "en:Magdalen College, Oxford"}}, {"tags": {"HE_ref": "1067798", "artist:wikidata": "Q817732", "artist_name": "Benjamin Waterhouse Hawkins", "artwork_type": "statue", "heritage": "2", "heritage:operator": "Historic England", "heritage:website": "https://historicengland.org.uk/listing/the-list/list-entry/1067798", "listed_status": "Grade I", "material": "concrete", "name": "Crystal Palace Dinosaurs", "ref:he": "1067798", "start_date": "1854", "tourism": "artwork", "type": "multipolygon", "website": "https://cpdinosaurs.org/", "wikidata": "Q3428134", "wikipedia": "en:Crystal Palace Dinosaurs"}}, {"tags": {"heritage": "2", "heritage:operator": "Historic England", "historic": "ruins", "listed_status": "Grade I", "name": "St Mary's Abbey", "operator": "English Heritage", "source": "visual survey;bing;English Heritage", "tourism": "attraction", "type": "site", "wikidata": "Q5641511", "wikipedia": "en:Halesowen Abbey"}}, {"tags": {"leisure": "stadium", "name": "Wembley Stadium", "name:af": "Wembley-stadion", "name:ar": "\u0645\u0644\u0639\u0628 \u0648\u064a\u0645\u0628\u0644\u064a", "name:arz": "\u0633\u062a\u0627\u062f \u0648\u064a\u0645\u0628\u0644\u0649", "name:ast": "Estadiu de Wembley", "name:az": "Uembli stadionu", "name:ban": "Stadion W\u00e9mbley", "name:be": "\u0423\u044d\u043c\u0431\u043b\u0456", "name:be-tarask": "\u040e\u044d\u043c\u0431\u043b\u0456", "name:bg": "\u0423\u0435\u043c\u0431\u043b\u0438", "name:bn": "\u0993\u09af\u09bc\u09c7\u09ae\u09cd\u09ac\u09b2\u09bf \u09b8\u09cd\u099f\u09c7\u09a1\u09bf\u09af\u09bc\u09be\u09ae", "name:bs": "Stadion Wembley", "name:ca": "Wembley Stadium", "name:ckb": "\u06cc\u0627\u0631\u06cc\u06af\u0627\u06cc \u0648\u06ce\u0645\u0628\u0644\u06cc", "name:cs": "Wembley Stadium", "name:cy": "Stadiwm Wembley", "name:da": "Wembley Stadium", "name:de": "Wembley-Stadion", "name:el": "\u03a3\u03c4\u03ac\u03b4\u03b9\u03bf \u0393\u03bf\u03c5\u03ad\u03bc\u03c0\u03bb\u03b5\u03ca", "name:en": "Wembley Stadium", "name:es": "Estadio de Wembley", "name:et": "Wembley staadion", "name:eu": "Wembley Stadium", "name:fa": "\u0648\u0631\u0632\u0634\u06af\u0627\u0647 \u0648\u0645\u0628\u0644\u06cc", "name:fi": "Wembley Stadium", "name:fr": "Stade de Wembley", "name:ga": "Staidiam Wembley", "name:gl": "Wembley Stadium", "name:he": "\u05d0\u05e6\u05d8\u05d3\u05d9\u05d5\u05df \u05d5\u05de\u05d1\u05dc\u05d9", "name:hi": "\u0935\u0947\u092e\u094d\u092c\u0932\u0940 \u0938\u094d\u091f\u0947\u0921\u093f\u092f\u092e", "name:hr": "Wembley Stadium", "name:hu": "Wembley Stadion", "name:hy": "\u0548\u0582\u0565\u0574\u0562\u056c\u056b \u0574\u0561\u0580\u0566\u0561\u0564\u0561\u0577\u057f", "name:id": "Stadion Wembley", "name:is": "Wembley-leikvangurinn", "name:it": "Stadio di Wembley", "name:ja": "\u30a6\u30a7\u30f3\u30d6\u30ea\u30fc\u30fb\u30b9\u30bf\u30b8\u30a2\u30e0", "name:jv": "Stadion Wembley", "name:ka": "\u10e3\u10d4\u10db\u10d1\u10da\u10d8", "name:kk": "\u0423\u044d\u043c\u0431\u043b\u0438", "name:ko": "\uc6f8\ube14\ub9ac \uc2a4\ud0c0\ub514\uc6c0", "name:lt": "Wembley stadionas", "name:lv": "Vemblija stadions", "name:mn": "\u0423\u044d\u043c\u0431\u043b\u0438 \u0446\u044d\u043d\u0433\u044d\u043b\u0434\u044d\u0445 \u0445\u04af\u0440\u044d\u044d\u043b\u044d\u043d", "name:mr": "\u0935\u0947\u0902\u092c\u094d\u0932\u0940 \u0938\u094d\u091f\u0947\u0921\u093f\u092f\u092e", "name:ms": "Stadium Wembley", "name:nl": "Wembley Stadium", "name:nn": "Wembley stadion", "name:no": "Wembley Stadium", "name:pa": "\u0a35\u0a48\u0a02\u0a2c\u0a32\u0a40 \u0a38\u0a1f\u0a47\u0a21\u0a40\u0a05\u0a2e", "name:pl": "Stadion Wembley", "name:pt": "Est\u00e1dio de Wembley", "name:ro": "Stadionul Wembley", "name:ru": "\u0423\u044d\u043c\u0431\u043b\u0438", "name:sco": "Wembley Stadium", "name:sh": "Wembley Stadium", "name:sk": "Wembley Stadium", "name:sr": "\u0412\u0435\u043c\u0431\u043b\u0438", "name:sv": "Wembley Stadium", "name:sw": "Uwanja wa Wembley", "name:ta": "\u0bb5\u0bc6\u0bae\u0bcd\u0baa\u0bbf\u0bb3\u0bbf \u0bb5\u0bbf\u0bb3\u0bc8\u0baf\u0bbe\u0b9f\u0bcd\u0b9f\u0bb0\u0b99\u0bcd\u0b95\u0bae\u0bcd", "name:th": "\u0e2a\u0e19\u0e32\u0e21\u0e01\u0e35\u0e2c\u0e32\u0e40\u0e27\u0e21\u0e1a\u0e25\u0e35\u0e22\u0e4c", "name:tr": "Wembley Stadyumu", "name:tt": "\u0412\u0435\u043c\u0431\u043b\u0438", "name:uk": "\u0412\u0435\u043c\u0431\u043b\u0456", "name:ur": "\u0648\u06cc\u0645\u0628\u0644\u06cc \u0627\u0633\u0679\u06cc\u0688\u06cc\u0645", "name:uz": "Wembley", "name:vi": "S\u00e2n v\u1eadn \u0111\u1ed9ng Wembley", "name:wuu": "\u6e29\u5e03\u5229\u7403\u573a", "name:xmf": "\u10e3\u10d4\u10db\u10d1\u10da\u10d8", "name:yue": "\u6eab\u5e03\u840a\u7403\u5834", "name:zh": "\u6e29\u5e03\u5229\u7403\u573a", "note": "Stadium outline", "sport": "multi", "start_date": "2007-03-09", "toilets:wheelchair": "yes", "tourism": "attraction", "type": "multipolygon", "wheelchair": "yes", "wikidata": "Q128468", "wikipedia": "en:Wembley Stadium"}}, {"tags": {"addr:postcode": "DT5 1FR", "email": "animals@fancysfarm.co.uk", "fee": "donation", "landuse": "grass", "name": "Fancy's Family Farm", "opening_hours": "10:00-17:00", "phone": "+44 7810 485351", "tourism": "zoo", "type": "multipolygon", "website": "http://www.fancysfarm.co.uk/", "wikidata": "Q15217320", "wikipedia": "en:Fancy's Family Farm", "zoo": "petting_zoo"}}, {"tags": {"fee": "yes", "museum": "art", "name": "Barbara Hepworth Museum and Sculpture Garden", "tourism": "museum", "type": "site", "website": "https://www.tate.org.uk/visit/tate-st-ives/barbara-hepworth-museum-and-sculpture-garden", "wikidata": "Q1930870", "wikipedia": "en:Barbara Hepworth Museum"}}, {"tags": {"addr:city": "Applethwaite", "addr:postcode": "CA12 4PH", "building": "yes", "historic": "manor", "name": "Underscar", "phone": "+44 17687 75544", "tourism": "hotel", "type": "multipolygon", "website": "https://www.underscar.co.uk/", "wikidata": "Q21008715", "wikipedia": "en:Underscar Manor"}}, {"tags": {"leisure": "sports_centre", "name": "Newmarket Racecourse", "sport": "horse_racing", "tourism": "attraction", "type": "multipolygon", "wikidata": "Q16998889", "wikipedia": "en:Newmarket Racecourse"}}, {"tags": {"addr:city": "Manchester", "addr:housenumber": "16", "addr:postcode": "M60 2DS", "addr:street": "Peter Street", "architect": "Charles Trubshaw", "building": "yes", "listed_status": "Grade II*", "name": "Midland Hotel", "phone": "+44 161 236 3333", "start_date": "1903", "tourism": "hotel", "type": "multipolygon", "wikidata": "Q6842355", "wikipedia": "en:Midland Hotel, Manchester"}}, {"tags": {"building": "yes", "castle_type": "stately", "historic": "castle", "name": "Belvoir Castle", "tourism": "attraction", "type": "multipolygon", "wikidata": "Q816295", "wikipedia": "en:Belvoir Castle"}}, {"tags": {"building": "yes", "historic": "monument", "name": "Michael Faraday Memorial substation", "name:en": "Michael Faraday Memorial substation", "name:he": "\u05d0\u05e0\u05d3\u05e8\u05d8\u05ea \u05de\u05d9\u05d9\u05e7\u05dc \u05e4\u05d0\u05e8\u05d0\u05d3\u05d9\u05d9", "name:zh": "\u8fc8\u514b\u5c14\u00b7\u6cd5\u62c9\u7b2c\u7eaa\u5ff5\u5efa\u7b51", "operator": "London Underground", "power": "substation", "tourism": "artwork", "type": "multipolygon", "wikidata": "Q6830208", "wikipedia": "en:Michael Faraday Memorial"}}, {"tags": {"building:part": "yes", "fee": "yes", "name": "Stowe House", "operator": "Stowe School", "tourism": "museum", "type": "multipolygon", "wikidata": "Q2352431", "wikipedia": "en:Stowe House"}}, {"tags": {"historic": "ruins", "historic:civilization": "medieval", "name": "Clare Castle", "tourism": "attraction", "type": "multipolygon", "wikidata": "Q5126141", "wikipedia": "en:Clare Castle"}}, {"tags": {"addr:city": "Manchester", "addr:housename": "People's History Museum", "addr:postcode": "M3 3ER", "addr:street": "Leftbank", "building": "yes", "fee": "no", "name": "People's History Museum", "name:he": "\u05de\u05d5\u05d6\u05d0\u05d5\u05df \u05d4\u05d4\u05d9\u05e1\u05d8\u05d5\u05e8\u05d9\u05d4 \u05e9\u05dc \u05d4\u05e2\u05dd", "opening_hours": "PH,We-Su 10:00-16:00", "toilets:wheelchair": "yes", "tourism": "museum", "type": "multipolygon", "website": "https://www.phm.org.uk/", "wheelchair": "yes", "wikidata": "Q3374980", "wikipedia": "en:People's History Museum"}}, {"tags": {"addr:city": "Doncaster", "addr:housename": "Yorkshire Wildlife Park", "addr:postcode": "DN3 3NH", "addr:street": "Brockholes Lane", "addr:suburb": "Branton", "name": "Yorkshire Wildlife Park", "tourism": "zoo", "type": "multipolygon", "website": "https://www.yorkshirewildlifepark.com/", "wikidata": "Q8055765", "wikipedia": "en:Yorkshire Wildlife Park"}}, {"tags": {"addr:postcode": "DA4 0JA", "building": "yes", "castle_type": "manor", "fhrs:id": "1075433", "historic": "castle", "name": "Lullingstone Castle", "source:postcode": "FHRS open data", "start_date": "1497", "tourism": "attraction", "type": "multipolygon", "wikidata": "Q6702874", "wikipedia": "en:Lullingstone Castle"}}, {"tags": {"from": "Fisherman's Walk", "name": "Fisherman's Walk Cliff Lift", "operator": "Bournemouth Christchurch and Poole Council", "route": "funicular", "to": "Promenade", "tourism": "attraction", "type": "route", "wikidata": "Q5454905", "wikipedia": "en:Fisherman's Walk Cliff Railway"}}, {"tags": {"addr:city": "Chillingham", "addr:postcode": "NE66 5NJ", "building": "yes", "castle_type": "defensive", "historic": "castle", "image": "https://www.geograph.org.uk/photo/6688691", "name": "Chillingham Castle", "phone": "+44 1668 215359", "tourism": "attraction", "type": "multipolygon", "website": "https://chillingham-castle.com/", "wikidata": "Q1072990", "wikipedia": "en:Chillingham Castle"}}, {"tags": {"addr:city": "Leavesden", "addr:housename": "Warner Bros. Studio Tour London", "addr:postcode": "WD25 7LR", "addr:street": "Studio Tour Drive", "area": "yes", "name": "Warner Bros. Studio Tour London", "opening_hours": "Mo-Su 10:00-20:00", "phone": "+44 20 3427 7777", "tourism": "attraction", "type": "multipolygon", "website": "https://www.wbstudiotour.co.uk/", "wikidata": "Q27924395", "wikipedia": "en:Warner Bros. Studio Tour London \u2013 The Making of Harry Potter"}}, {"tags": {"addr:postcode": "YO26 4XJ", "addr:street": "Leeman Road", "email": "nrm@nrm.org.uk", "fee": "no", "museum": "railway", "name": "National Railway Museum", "name:de": "National Railway Museum", "name:en": "National Railway Museum", "name:et": "Briti Riiklik Raudteemuuseum", "name:fa": "\u0645\u0648\u0632\u0647 \u0645\u0644\u06cc \u0631\u0627\u0647\u200c\u0622\u0647\u0646", "name:fi": "National Railway Museum", "name:fr": "British National Railway Museum", "name:hu": "National Railway Museum", "name:it": "National Railway Museum", "name:ja": "\u30a4\u30ae\u30ea\u30b9\u56fd\u7acb\u9244\u9053\u535a\u7269\u9928", "name:ko": "\uc601\uad6d \uad6d\ub9bd \ucca0\ub3c4\ubc15\ubb3c\uad00", "name:nl": "National Railway Museum", "name:no": "National Railway Museum", "name:pl": "National Railway Museum", "name:ru": "\u041d\u0430\u0446\u0438\u043e\u043d\u0430\u043b\u044c\u043d\u044b\u0439 \u0436\u0435\u043b\u0435\u0437\u043d\u043e\u0434\u043e\u0440\u043e\u0436\u043d\u044b\u0439 \u043c\u0443\u0437\u0435\u0439", "name:sv": "National Railway Museum, Storbritannien", "name:zh": "\u5927\u82f1\u9435\u8def\u535a\u7269\u9928", "opening_hours": "We-Su 10:00-17:00", "phone": "+44 844 8153139", "source": "OS_opendata_StreetView", "tourism": "museum", "type": "multipolygon", "website": "http://www.nrm.org.uk", "wheelchair": "yes", "wikidata": "Q579958", "wikipedia": "en:National Railway Museum"}}, {"tags": {"addr:city": "Greenwich", "addr:housename": "The Queen's House", "addr:postcode": "SE10 9NF", "building": "yes", "fee": "no", "historic": "building", "museum": "history", "name": "Queen's House", "name:en": "Queen's House", "name:zh": "\u738b\u540e\u884c\u5bab", "note": "Explore an internationally renowned art collection set amidst the history and beauty of the 17th-century Queen\u2019s House, originally the retreat of Charles I's queen, Henrietta Maria, and one of the most important buildings in English architecture.", "opening_hours": "Mo-Su 10:00-17:00", "operator": "Royal Museums Greenwich", "operator:wikidata": "Q7374509", "phone": "+44 20 8858 4422", "ruins": "no", "toilets": "yes", "toilets:access": "customers", "tourism": "museum", "type": "multipolygon", "website": "https://www.rmg.co.uk/queens-house", "wheelchair": "yes", "wikidata": "Q564981", "wikipedia": "en:Queen's House"}}, {"tags": {"amenity": "university", "landuse": "education", "learning": "oxford_college", "name": "Christ Church", "name:en": "Christ Church", "name:zh": "\u57fa\u7763\u6559\u4f1a", "source": "yahoo_imagery", "tourism": "attraction", "type": "multipolygon", "wheelchair": "limited", "wikidata": "Q745967", "wikipedia": "en:Christ Church, Oxford"}}, {"tags": {"boundary": "protected_area", "historic": "yes", "name": "Gibside", "note": "Not a definitive boundary. Just a very rough guess from Bing imagery. Actual National Trust estate may be much larger.", "operator": "National Trust", "ownership": "National Trust", "tourism": "attraction", "type": "multipolygon", "website": "https://www.nationaltrust.org.uk/gibside", "wikidata": "Q5559250", "wikipedia": "en:Gibside"}}]