[{"tags": {"building": "castle", "building:colour": "#D9C3B7", "castle_type": "fortress", "historic": "castle", "image": "http://www.seniejitrakai.lt/assets/Parko-gidas/_resampled/SetWidth536-1002.jpg", "name": "Trak\u0173 salos pilis", "name:az": "Trakay qalas\u0131", "name:bat-smg": "Trak\u016b p\u0117l\u0117s", "name:be": "\u0422\u0440\u0430\u043a\u0430\u0439\u0441\u043a\u0456 \u0437\u0430\u043c\u0430\u043a", "name:bg": "\u041e\u0441\u0442\u0440\u043e\u0432\u0435\u043d \u0437\u0430\u043c\u044a\u043a \u0432 \u0422\u0440\u0430\u043a\u0430\u0439", "name:cs": "Hrad Trakai", "name:de": "Inselburg Traken", "name:en": "Trakai Island Castle", "name:et": "Trakai linnus", "name:fi": "Trakain linna", "name:fr": "Ch\u00e2teau de Trakai", "name:hr": "Dvorac na otoku Trakaiu", "name:ja": "\u30c8\u30e9\u30ab\u30a4\u5cf6\u57ce", "name:lt": "Trak\u0173 salos pilis", "name:pl": "Zamek w Trokach", "name:ru": "\u0422\u0440\u0430\u043a\u0430\u0439\u0441\u043a\u0438\u0439 \u0437\u0430\u043c\u043e\u043a", "name:sv": "Hrad Trakai", "name:vi": "L\u00e2u \u0111\u00e0i Trakai", "tourism": "attraction", "type": "multipolygon", "website": "http://www.seniejitrakai.lt/place-lt-10/", "wikidata": "Q1482013", "wikipedia": "lt:Trak\u0173 salos pilis"}}, {"tags": {"addr:city": "Norvili\u0161k\u0117s", "addr:housenumber": "64", "addr:postcode": "17145", "addr:street": "Pilies g.", "building": "yes", "castle_type": "defensive", "email": "info@pilys-dvarai.lt", "historic": "castle", "image": "https://upload.wikimedia.org/wikipedia/commons/6/6d/Norviliskes_Castle.jpg", "name": "Norvili\u0161ki\u0173 pilis", "name:de": "Schloss Norveliskiu", "name:lt": "Norvili\u0161ki\u0173 pilis", "name:pl": "Zamek w Narwiliszkach", "name:ru": "\u041d\u043e\u0440\u0432\u0438\u043b\u0438\u0448\u0441\u043a\u0438\u0439 \u0437\u0430\u043c\u043e\u043a", "phone": "+370 (8)-682 533 53", "ref:lt:kpd": "906", "tourism": "attraction", "type": "multipolygon", "wikidata": "Q2970158", "wikipedia": "lt:Norvili\u0161ki\u0173 pilis"}}, {"tags": {"alt_name": "Raudondvario pilis", "building": "yes", "historic": "castle", "name": "Raudondvario dvaras", "tourism": "attraction", "type": "multipolygon", "website": "http://www.raudondvariodvaras.lt/", "wikidata": "Q2970344", "wikipedia": "lt:Raudondvario dvaras (Kaunas)"}}, {"tags": {"image": "https://kvr.kpd.lt/KvrWcf/LabbisServiceKvr.svc/GetImage/C676C4CE-41CF-49FA-BE26-8E6ED55DF7A1", "leisure": "park", "name": "Palangos Botanikos parkas", "name:de": "Botanischer Garten", "name:lt": "Palangos Botanikos parkas", "old_name": "Birut\u0117s parkas", "ref:lt:kpd": "23433", "tourism": "attraction", "type": "multipolygon", "wheelchair": "yes", "wikidata": "Q12667999", "wikipedia": "lt:Palangos botanikos parkas"}}, {"tags": {"alt_name": "Auk\u0161tosios Fredos dvaro sodybos parkas", "image": "https://kvr.kpd.lt/KvrWcf/LabbisServiceKvr.svc/GetImage/74F05E5E-4ED3-464B-AF1A-8E1C0669BB12", "leisure": "park", "name": "VDU Botanikos sodas", "name:en": "Botanical Garden of Vytautas Magnus University", "name:lt": "VDU Botanikos sodas", "ref:lt:kpd": "25761", "tourism": "attraction", "type": "multipolygon", "website": "https://botanika.vdu.lt/", "wheelchair": "limited", "wikidata": "Q3443536", "wikipedia": "lt:Vytauto Did\u017eiojo universiteto Kauno botanikos sodas"}}, {"tags": {"image": "https://upload.wikimedia.org/wikipedia/commons/0/08/Degai%C4%8Diai%2C_parko_stendas.JPG", "leisure": "park", "name": "Degai\u010di\u0173 parkas", "tourism": "attraction", "type": "multipolygon", "website": "http://samogitia.mch.mii.lt/mpkelias/PARKAI/degaicparkai.lt.htm", "wikipedia": "lt:Degai\u010di\u0173 parkas"}}, {"tags": {"addr:city": "Pasvalys", "addr:contact": "yes", "addr:housenumber": "2", "addr:street": "L\u0117vens g.", "name": "Pasvalio girn\u0173 muziejus", "name:en": "The Millstone Museum", "name:lt": "Pasvalio girn\u0173 muziejus", "operator": "Pasvalio kra\u0161to muziejus", "tourism": "museum", "type": "multipolygon", "wikidata": "Q20503898", "wikipedia": "lt:Pasvalio girn\u0173 muziejus"}}, {"tags": {"name": "Vingio parko liep\u0173 al\u0117ja", "tourism": "attraction", "type": "multipolygon", "wikidata": "Q20503793", "wikipedia": "lt:Vingio parko liep\u0173 al\u0117ja"}}, {"tags": {"alt_name": "e\u017e. \u017diedelis", "image": "https://upload.wikimedia.org/wikipedia/commons/1/15/Kaukin%C4%97._E%C5%BEeras_%C5%BDiedelis.JPG", "name": "Kaukin\u0117s e\u017e.", "natural": "water", "tourism": "attraction", "type": "multipolygon", "water": "lake", "wikidata": "Q18737818", "wikipedia": "lt:Kaukin\u0117s e\u017eeras (\u017diedelis)"}}, {"tags": {"addr:city": "Dr\u016bk\u0161iniai", "addr:housenumber": "4", "addr:postcode": "31500", "addr:province": "Utenos apskritis", "addr:street": "Elektrin\u0117s g.", "disused": "yes", "email": "info@iae.lt", "fax": "+370 386 24396", "image": "https://upload.wikimedia.org/wikipedia/commons/9/93/Ignalina_Nuclear_Power_Plant_Lithuania_two_towers.JPG", "landuse": "industrial", "name": "Ignalinos atomin\u0117 elektrin\u0117 (u\u017edaryta)", "name:de": "Kernkraftwerk Ignalina", "name:he": "\u05ea\u05d7\u05e0\u05ea \u05d4\u05db\u05d5\u05d7 \u05d4\u05d2\u05e8\u05e2\u05d9\u05e0\u05d9\u05ea \u05d0\u05d9\u05d2\u05e0\u05dc\u05d9\u05e0\u05d4", "name:lt": "Ignalinos atomin\u0117 elektrin\u0117 (u\u017edaryta)", "name:lv": "Ignalinas AES", "name:pl": "Ignali\u0144ska Elektrownia Atomowa", "name:ru": "\u0418\u0433\u043d\u0430\u043b\u0438\u043d\u0441\u043a\u0430\u044f \u0410\u042d\u0421", "name:uk": "\u0406\u0433\u043d\u0430\u043b\u0456\u043d\u0441\u044c\u043a\u0430 \u0410\u0415\u0421", "phone": "+370 386 28985", "tourism": "attraction", "type": "multipolygon", "website": "https://www.iae.lt/lt/", "website:en": "http://www.iae.lt/en/", "website:ru": "http://www.iae.lt/ru/", "wikidata": "Q847687", "wikipedia": "lt:Ignalinos atomin\u0117 elektrin\u0117"}}, {"tags": {"leisure": "park", "name": "\u0104\u017euolynas", "name:en": "Oak Grove", "name:lt": "\u0104\u017euolynas", "tourism": "attraction", "type": "multipolygon", "wikidata": "Q10992274", "wikipedia": "lt:\u0104\u017euolynas (Kaunas)"}}, {"tags": {"email": "info@grutoparkas.lt", "fee": "yes", "image": "https://upload.wikimedia.org/wikipedia/lt/d/d1/Keturi_Komunarai_Gr%C5%ABtas1.JPG", "museum_type": "institutional", "name": "Gr\u016bto parkas", "official_name": "Sovietini\u0173 skulpt\u016br\u0173 Gr\u016bto parkas", "opening_hours": "Jan-Feb 9:00-18:00; Mar-Apr 9:00-20:00; May 9:00-21:00; Jun-Aug 9:00-22:00; Sep 9:00-20:00; Oct 9:00-19:00; Nov 9:00-17:00; Dec 9:00-17:00", "phone": "+370 313 55 511", "tourism": "museum", "type": "multipolygon", "website": "http://grutoparkas.lt/", "wikidata": "Q1050522", "wikipedia": "lt:Gr\u016bto parkas"}}]