<?xml version="1.0" encoding="UTF-8"?>
<BaliMessageLog>
    <Task name="Map">
        <Message>
            <ID>51001030</ID>
            <Severity>Warning</Severity>
            <Dynamic>rst_c</Dynamic>
        </Message>
    </Task>
    <Task name="Synplify_Synthesis">
        <Message>
            <ID>2011000</ID>
            <Severity>Info</Severity>
        </Message>
        <Message>
            <ID>2019991</ID>
            <Severity>Warning</Severity>
            <Dynamic>CD638 :&quot;C:\Users\Duovis\Downloads\SLP_L3\SLP_L3\impl1\Schema1FPGA.vhd&quot;:26:10:26:12|Signal gnd is undriven. Either assign the signal a value or remove the signal declaration.</Dynamic>
            <Navigation>CD638</Navigation>
            <Navigation>C:\Users\Duovis\Downloads\SLP_L3\SLP_L3\impl1\Schema1FPGA.vhd</Navigation>
            <Navigation>26</Navigation>
            <Navigation>10</Navigation>
            <Navigation>26</Navigation>
            <Navigation>12</Navigation>
            <Navigation>Signal gnd is undriven. Either assign the signal a value or remove the signal declaration.</Navigation>
        </Message>
        <Message>
            <ID>2019991</ID>
            <Severity>Warning</Severity>
            <Dynamic>CD638 :&quot;C:\Users\Duovis\Downloads\SLP_L3\SLP_L3\impl1\Schema1FPGA.vhd&quot;:27:10:27:12|Signal vcc is undriven. Either assign the signal a value or remove the signal declaration.</Dynamic>
            <Navigation>CD638</Navigation>
            <Navigation>C:\Users\Duovis\Downloads\SLP_L3\SLP_L3\impl1\Schema1FPGA.vhd</Navigation>
            <Navigation>27</Navigation>
            <Navigation>10</Navigation>
            <Navigation>27</Navigation>
            <Navigation>12</Navigation>
            <Navigation>Signal vcc is undriven. Either assign the signal a value or remove the signal declaration.</Navigation>
        </Message>
        <Message>
            <ID>2019991</ID>
            <Severity>Warning</Severity>
            <Dynamic>MT529 :&quot;c:\users\duovis\downloads\slp_l3\slp_l3\impl1\schema1fpga.vhd&quot;:136:3:136:4|Found inferred clock SCHEMA1FPGA|clk which controls 8 sequential elements including I8. This clock has no specified timing constraint which may prevent conversion of gated or generated clocks and may adversely impact design performance.</Dynamic>
            <Navigation>MT529</Navigation>
            <Navigation>c:\users\duovis\downloads\slp_l3\slp_l3\impl1\schema1fpga.vhd</Navigation>
            <Navigation>136</Navigation>
            <Navigation>3</Navigation>
            <Navigation>136</Navigation>
            <Navigation>4</Navigation>
            <Navigation>Found inferred clock SCHEMA1FPGA|clk which controls 8 sequential elements including I8. This clock has no specified timing constraint which may prevent conversion of gated or generated clocks and may adversely impact design performance. </Navigation>
        </Message>
        <Message>
            <ID>2019993</ID>
            <Severity>Warning</Severity>
            <Dynamic>MT420 |Found inferred clock SCHEMA1FPGA|clk with period 5.00ns. Please declare a user-defined clock on port clk.</Dynamic>
            <Navigation>MT420</Navigation>
            <Navigation>Found inferred clock SCHEMA1FPGA|clk with period 5.00ns. Please declare a user-defined clock on port clk.</Navigation>
        </Message>
    </Task>
</BaliMessageLog>